타임스탬프,A1. 귀하는 건강기능식품을 섭취하고 계시나요?,B1. 현재 섭취 중인 건강기능식품은 어떤 제품인가요?,B2. 건강기능식품을 섭취하시는 이유는 무엇인가요? (중복 선택 가능),B3. 건강기능식품을 섭취하는 빈도는 어떻게 되시나요?,B4. 건강기능식품의 섭취 시간대는 언제인가요?,B5. 섭취하고 있는 건강기능식품에 대한 전반적인 만족은 어느 정도인가요?,B6. 건강기능식품을 구매할 때 가장 중요하게 생각하는 요소는 무엇인가요?,B7. 건강기능식품을 구매할 때 주로 이용하는 채널은 무엇인가요?,"C1. 새로운 건강기능식품이 출시된다면, 어떤 점을 개선하거나 추가했으면 좋겠다고 생각하시나요?",C2. 건강기능식품에서 선호하는 주요 원료는 무엇인가요? (최대 3개 선택 가능),C4. 건강기능식품에 대한 정보를 주로 얻는 경로는 무엇인가요? (중복 선택 가능),C5. 건강기능식품에 대한 정보를 찾을 때 중요하게 생각하는 요소는 무엇인가요?,C6. 건강기능식품 원료의 출처에 대해 얼마나 중요하게 생각하시나요?,Z1. 건강기능식품을 섭취하지 않는 이유는 무엇인가요? 자유롭게 작성해 주세요.,Z2. 앞으로 건강기능식품을 구매할 의향이 있나요?,D1. 귀하의 성별은 어떻게 됩니까?,D2. 귀하의 연령은 만 몇 세 입니까?
2024-02-07 6:24,예,엑세라민,피부 건강,nan,nan,5,브랜드 신뢰도,마트,효과 증대,프로바이오틱스,인터넷 검색,성분 분석,5,모름,3,여자,58
2024-06-07 22:24,예,nan,피로 회복,매일,점심,4,가격,온라인 쇼핑몰,효과 증대,홍삼,nan,사용 후기,2,nan,5,여자,41
2024-11-10 5:08,예,비타민D,면역력 강화,nan,nan,4,효과,nan,가격 인하,홍삼,전문가 추천,성분 분석,1,비용이 너무 비싸서,3,여자,58
2024-04-08 15:34,아니오,nan,모름,주 2~3회,점심,5,성분,마트,nan,프로바이오틱스,친구 및 가족,nan,,nan,2,여자,42
2024-02-08 17:29,예,엑세라민,모름,한 달에 한 번,저녁,5,가격,약국,효과 증대,nan,인터넷 검색,가격 비교,2,효과를 믿지 않아서,3,남자,49
2024-01-26 22:34,아니오,루테인,면역력 강화,한 달에 한 번,저녁,5,구매 편의성,마트,섭취가 편한 제품,비타민 C,전문가 추천,성분 분석,,nan,2,남자,37
2024-09-12 18:08,예,모름,면역력 강화,주 2~3회,아무때나,3,효과,약국,크기를 작게,프로바이오틱스,소셜 미디어,전문가 의견,3,모름,1,여자,61
2024-01-08 7:22,아니오,엑세라민,피로 회복,주 1회,점심,4,성분,nan,효과 증대,비타민 C,친구 및 가족,사용 후기,,효과를 믿지 않아서,4,여자,37
2024-08-12 8:01,아니오,nan,피부 건강,주 1회,아무때나,,브랜드 신뢰도,nan,nan,nan,전문가 추천,전문가 의견,1,비용이 너무 비싸서,5,남자,65
2024-02-14 5:01,예,모름,모름,한 달에 한 번,점심,4,성분,백화점,가격 인하,홍삼,전문가 추천,성분 분석,4,비용이 너무 비싸서,4,여자,29
2024-06-19 6:14,예,nan,피로 회복,한 달에 한 번,아무때나,3,브랜드 신뢰도,백화점,섭취가 편한 제품,비타민 C,인터넷 검색,가격 비교,3,모름,4,남자,58
2024-03-19 4:30,예,루테인,피부 건강,매일,저녁,5,효과,백화점,가격 인하,nan,소셜 미디어,가격 비교,5,건강에 문제 없어서,4,남자,49
2024-04-30 13:41,예,nan,피로 회복,주 1회,nan,2,브랜드 신뢰도,nan,크기를 작게,nan,전문가 추천,전문가 의견,2,건강에 문제 없어서,2,남자,45
2024-06-16 8:05,아니오,비타민D,모름,주 2~3회,아무때나,5,구매 편의성,온라인 쇼핑몰,효과 증대,유산균,친구 및 가족,nan,1,비용이 너무 비싸서,2,여자,26
2024-02-01 18:52,예,홍삼,면역력 강화,주 1회,점심,5,nan,nan,효과 증대,프로바이오틱스,전문가 추천,nan,3,모름,5,여자,26
2024-05-15 21:58,예,엑세라민,면역력 강화,매일,점심,3,브랜드 신뢰도,마트,nan,유산균,nan,가격 비교,3,건강에 문제 없어서,2,여자,24
2024-02-06 4:06,아니오,홍삼,피부 건강,한 달에 한 번,저녁,4,구매 편의성,nan,효과 증대,홍삼,친구 및 가족,전문가 의견,1,nan,,여자,20
2024-11-14 5:35,예,nan,다이어트,한 달에 한 번,점심,5,nan,nan,섭취가 편한 제품,프로바이오틱스,친구 및 가족,전문가 의견,5,비용이 너무 비싸서,2,여자,65
2024-08-30 5:41,예,루테인,피부 건강,매일,아침,4,효과,약국,크기를 작게,홍삼,전문가 추천,전문가 의견,5,nan,2,남자,37
2024-02-17 11:56,예,엑세라민,다이어트,주 2~3회,nan,1,효과,약국,가격 인하,유산균,인터넷 검색,성분 분석,4,모름,2,여자,32
2024-08-29 12:09,예,nan,피로 회복,한 달에 한 번,아무때나,,성분,약국,크기를 작게,nan,친구 및 가족,nan,,nan,1,남자,44
2024-04-22 12:46,예,모름,피로 회복,nan,nan,4,구매 편의성,nan,효과 증대,홍삼,nan,nan,5,건강에 문제 없어서,5,남자,59
2024-10-07 23:10,아니오,오메가3,모름,한 달에 한 번,저녁,2,구매 편의성,온라인 쇼핑몰,가격 인하,프로바이오틱스,인터넷 검색,성분 분석,4,건강에 문제 없어서,,남자,27
2024-05-05 7:41,예,nan,다이어트,nan,아무때나,,가격,마트,nan,프로바이오틱스,인터넷 검색,사용 후기,,효과를 믿지 않아서,2,여자,29
2024-06-28 9:27,예,홍삼,모름,매일,아무때나,2,가격,마트,크기를 작게,홍삼,인터넷 검색,성분 분석,3,비용이 너무 비싸서,5,여자,51
2024-05-30 21:30,예,엑세라민,면역력 강화,매일,아침,5,nan,온라인 쇼핑몰,가격 인하,프로바이오틱스,친구 및 가족,전문가 의견,1,모름,3,여자,36
2024-10-21 2:51,예,홍삼,다이어트,한 달에 한 번,저녁,,nan,온라인 쇼핑몰,가격 인하,nan,인터넷 검색,성분 분석,5,비용이 너무 비싸서,1,여자,57
2024-05-20 15:58,예,엑세라민,피부 건강,주 1회,점심,4,가격,마트,가격 인하,nan,전문가 추천,전문가 의견,4,nan,2,여자,34
2024-03-10 18:50,아니오,nan,면역력 강화,nan,아침,,nan,백화점,섭취가 편한 제품,프로바이오틱스,인터넷 검색,가격 비교,3,모름,,여자,34
2024-12-14 22:10,예,비타민D,면역력 강화,주 2~3회,아침,5,브랜드 신뢰도,약국,크기를 작게,홍삼,nan,전문가 의견,5,모름,1,여자,67
2024-04-10 20:10,아니오,모름,피부 건강,한 달에 한 번,nan,3,가격,약국,가격 인하,유산균,소셜 미디어,nan,2,건강에 문제 없어서,,여자,59
2024-02-28 11:00,아니오,nan,면역력 강화,주 2~3회,nan,2,구매 편의성,마트,크기를 작게,프로바이오틱스,nan,성분 분석,3,nan,1,남자,39
2024-06-16 16:51,예,홍삼,다이어트,한 달에 한 번,nan,5,브랜드 신뢰도,온라인 쇼핑몰,가격 인하,프로바이오틱스,친구 및 가족,전문가 의견,5,건강에 문제 없어서,3,여자,34
2024-04-24 8:37,예,오메가3,모름,주 1회,아침,3,nan,백화점,nan,프로바이오틱스,인터넷 검색,사용 후기,3,건강에 문제 없어서,5,남자,54
2024-01-08 16:08,예,오메가3,면역력 강화,주 1회,점심,,효과,마트,nan,프로바이오틱스,인터넷 검색,가격 비교,1,효과를 믿지 않아서,1,남자,25
2024-04-02 1:43,예,루테인,다이어트,주 1회,아무때나,,성분,약국,nan,홍삼,전문가 추천,사용 후기,1,건강에 문제 없어서,4,남자,49
2024-09-29 22:16,아니오,엑세라민,피로 회복,주 1회,nan,5,가격,nan,효과 증대,유산균,인터넷 검색,사용 후기,1,비용이 너무 비싸서,3,남자,27
2024-11-08 18:03,예,홍삼,다이어트,매일,점심,4,효과,온라인 쇼핑몰,가격 인하,유산균,nan,사용 후기,,모름,4,여자,50
2024-07-23 14:30,예,루테인,모름,매일,저녁,,nan,nan,효과 증대,비타민 C,친구 및 가족,가격 비교,2,건강에 문제 없어서,3,여자,67
2024-06-22 4:23,예,홍삼,다이어트,nan,nan,4,구매 편의성,마트,크기를 작게,프로바이오틱스,소셜 미디어,가격 비교,1,비용이 너무 비싸서,4,남자,66
2024-01-22 4:35,예,엑세라민,피부 건강,주 2~3회,아무때나,4,성분,약국,효과 증대,프로바이오틱스,인터넷 검색,가격 비교,2,nan,4,남자,51
2024-07-05 8:04,예,nan,모름,한 달에 한 번,저녁,4,효과,백화점,크기를 작게,비타민 C,소셜 미디어,가격 비교,1,모름,,남자,64
2024-09-05 19:31,예,nan,피로 회복,한 달에 한 번,저녁,1,성분,nan,크기를 작게,유산균,인터넷 검색,사용 후기,,nan,1,여자,34
2024-06-22 13:09,아니오,오메가3,피부 건강,매일,아무때나,3,가격,백화점,크기를 작게,비타민 D,친구 및 가족,nan,3,비용이 너무 비싸서,1,남자,37
2024-09-12 9:22,아니오,nan,다이어트,한 달에 한 번,nan,3,nan,약국,효과 증대,nan,nan,nan,5,nan,3,남자,32
2024-12-22 5:32,예,nan,모름,매일,아침,,구매 편의성,nan,가격 인하,비타민 D,친구 및 가족,가격 비교,5,nan,5,여자,43
2024-10-12 17:10,예,비타민D,피로 회복,nan,아무때나,,nan,백화점,효과 증대,유산균,소셜 미디어,성분 분석,1,nan,,남자,59
2024-03-10 1:17,예,오메가3,피부 건강,주 2~3회,아무때나,4,성분,백화점,가격 인하,프로바이오틱스,인터넷 검색,전문가 의견,5,건강에 문제 없어서,1,여자,33
2024-12-15 15:42,아니오,루테인,피로 회복,nan,아무때나,1,효과,nan,가격 인하,비타민 D,소셜 미디어,성분 분석,1,건강에 문제 없어서,1,여자,47
2024-09-07 15:22,예,모름,다이어트,주 1회,저녁,4,가격,약국,크기를 작게,홍삼,nan,성분 분석,1,건강에 문제 없어서,,남자,30
2024-12-15 15:42,아니오,비타민D,피로 회복,주 1회,점심,1,가격,백화점,효과 증대,홍삼,친구 및 가족,성분 분석,4,모름,2,남자,25
2024-07-24 8:02,예,루테인,면역력 강화,주 1회,아침,4,nan,마트,가격 인하,비타민 C,소셜 미디어,nan,4,비용이 너무 비싸서,,남자,44
2024-11-15 16:40,예,엑세라민,피부 건강,nan,nan,2,효과,nan,nan,유산균,소셜 미디어,전문가 의견,4,건강에 문제 없어서,1,여자,20
2024-07-25 19:07,예,비타민D,피로 회복,한 달에 한 번,nan,2,효과,온라인 쇼핑몰,가격 인하,유산균,nan,성분 분석,2,nan,5,여자,44
2024-03-29 18:48,예,루테인,다이어트,주 2~3회,점심,5,성분,온라인 쇼핑몰,nan,비타민 D,인터넷 검색,가격 비교,4,nan,2,여자,21
2024-10-30 14:50,아니오,엑세라민,다이어트,주 1회,아무때나,4,nan,약국,효과 증대,프로바이오틱스,소셜 미디어,nan,1,nan,4,남자,51
2024-07-03 3:27,아니오,오메가3,피로 회복,주 1회,아침,,nan,마트,효과 증대,유산균,nan,가격 비교,,nan,,남자,32
2024-02-17 11:56,예,모름,다이어트,주 1회,nan,3,브랜드 신뢰도,백화점,효과 증대,비타민 D,인터넷 검색,가격 비교,,효과를 믿지 않아서,4,남자,52
2024-06-25 20:05,예,엑세라민,모름,주 2~3회,nan,5,nan,온라인 쇼핑몰,가격 인하,비타민 D,인터넷 검색,성분 분석,3,모름,2,남자,51
2024-10-25 20:51,아니오,nan,모름,주 1회,아무때나,,가격,약국,섭취가 편한 제품,nan,친구 및 가족,가격 비교,4,비용이 너무 비싸서,2,남자,43
2024-08-24 0:37,아니오,홍삼,모름,주 2~3회,점심,2,성분,마트,가격 인하,nan,nan,전문가 의견,,비용이 너무 비싸서,2,남자,46
2024-01-08 7:22,아니오,엑세라민,면역력 강화,주 1회,아침,4,효과,마트,가격 인하,유산균,인터넷 검색,가격 비교,4,건강에 문제 없어서,3,여자,23
2024-11-02 21:45,아니오,엑세라민,피로 회복,nan,점심,5,nan,약국,크기를 작게,비타민 D,친구 및 가족,성분 분석,3,효과를 믿지 않아서,,여자,43
2024-03-01 15:36,예,모름,면역력 강화,nan,점심,4,성분,약국,크기를 작게,비타민 C,전문가 추천,가격 비교,,비용이 너무 비싸서,5,여자,42
2024-04-09 17:52,아니오,홍삼,다이어트,주 2~3회,아침,2,nan,백화점,가격 인하,비타민 C,nan,nan,1,모름,5,남자,48
2024-05-21 9:30,예,nan,면역력 강화,nan,아침,5,효과,약국,nan,nan,전문가 추천,nan,2,nan,4,여자,53
2024-08-07 5:15,아니오,루테인,다이어트,주 2~3회,nan,2,구매 편의성,백화점,크기를 작게,유산균,인터넷 검색,nan,4,건강에 문제 없어서,4,여자,40
2024-04-25 2:09,아니오,루테인,다이어트,nan,nan,1,효과,백화점,가격 인하,프로바이오틱스,nan,사용 후기,,모름,4,여자,49
2024-01-05 17:59,아니오,엑세라민,피부 건강,nan,아침,2,효과,nan,섭취가 편한 제품,비타민 C,친구 및 가족,nan,,비용이 너무 비싸서,,남자,45
2024-03-29 1:16,아니오,홍삼,모름,주 2~3회,저녁,4,효과,마트,nan,비타민 C,인터넷 검색,nan,3,효과를 믿지 않아서,1,남자,39
2024-10-10 12:33,아니오,홍삼,다이어트,한 달에 한 번,nan,3,nan,마트,효과 증대,nan,nan,사용 후기,1,건강에 문제 없어서,4,여자,35
2024-05-06 1:13,예,nan,피부 건강,nan,저녁,2,브랜드 신뢰도,마트,가격 인하,nan,nan,nan,5,비용이 너무 비싸서,2,남자,22
2024-07-25 1:35,예,모름,모름,주 1회,아침,,효과,nan,가격 인하,유산균,전문가 추천,성분 분석,,건강에 문제 없어서,4,남자,68
2024-11-23 17:35,아니오,오메가3,다이어트,한 달에 한 번,nan,3,가격,백화점,nan,nan,인터넷 검색,nan,2,비용이 너무 비싸서,2,남자,56
2024-05-03 20:36,아니오,루테인,다이어트,주 2~3회,점심,1,가격,백화점,크기를 작게,홍삼,친구 및 가족,nan,3,nan,3,남자,59
2024-02-03 5:57,예,모름,면역력 강화,한 달에 한 번,아침,5,성분,약국,크기를 작게,비타민 D,친구 및 가족,사용 후기,,효과를 믿지 않아서,1,여자,63
2024-05-13 17:22,아니오,비타민D,면역력 강화,매일,아무때나,5,브랜드 신뢰도,nan,크기를 작게,비타민 C,인터넷 검색,성분 분석,,nan,1,남자,44
2024-12-14 22:10,아니오,루테인,모름,매일,저녁,3,성분,약국,효과 증대,홍삼,인터넷 검색,가격 비교,3,비용이 너무 비싸서,,여자,42
2024-06-14 21:01,예,모름,다이어트,nan,아침,5,가격,nan,nan,프로바이오틱스,소셜 미디어,전문가 의견,3,모름,,여자,63
2024-06-05 0:15,아니오,루테인,피로 회복,nan,아침,2,가격,약국,nan,홍삼,전문가 추천,성분 분석,4,nan,5,남자,20
2024-07-04 14:32,아니오,오메가3,면역력 강화,주 1회,nan,3,구매 편의성,온라인 쇼핑몰,크기를 작게,유산균,인터넷 검색,가격 비교,,모름,3,남자,52
2024-10-10 3:47,예,비타민D,모름,한 달에 한 번,nan,4,효과,마트,크기를 작게,프로바이오틱스,인터넷 검색,성분 분석,5,비용이 너무 비싸서,,남자,34
2024-12-10 4:10,예,오메가3,다이어트,매일,nan,2,가격,마트,섭취가 편한 제품,프로바이오틱스,소셜 미디어,가격 비교,2,효과를 믿지 않아서,2,여자,36
2024-01-13 10:08,예,nan,다이어트,nan,아무때나,2,nan,백화점,섭취가 편한 제품,nan,소셜 미디어,가격 비교,1,모름,3,여자,53
2024-03-15 21:35,아니오,비타민D,피로 회복,한 달에 한 번,nan,2,nan,온라인 쇼핑몰,가격 인하,홍삼,nan,성분 분석,1,비용이 너무 비싸서,1,여자,36
2024-01-30 5:30,예,엑세라민,모름,nan,아침,4,성분,마트,가격 인하,유산균,친구 및 가족,사용 후기,5,모름,2,여자,60
2024-12-06 3:43,예,모름,다이어트,nan,nan,1,성분,백화점,nan,비타민 C,전문가 추천,성분 분석,3,nan,3,여자,63
2024-07-23 23:16,예,비타민D,면역력 강화,매일,점심,,효과,온라인 쇼핑몰,nan,nan,nan,성분 분석,3,비용이 너무 비싸서,1,여자,23
2024-11-14 5:35,예,nan,피로 회복,매일,nan,5,효과,마트,효과 증대,홍삼,인터넷 검색,가격 비교,3,nan,,여자,32
2024-05-21 9:30,예,nan,모름,nan,아무때나,3,구매 편의성,약국,효과 증대,비타민 C,소셜 미디어,전문가 의견,,건강에 문제 없어서,2,남자,23
2024-01-01 8:46,예,오메가3,피로 회복,주 2~3회,점심,1,브랜드 신뢰도,nan,섭취가 편한 제품,홍삼,친구 및 가족,가격 비교,3,비용이 너무 비싸서,2,여자,26
2024-05-22 3:03,아니오,루테인,면역력 강화,nan,아침,3,성분,온라인 쇼핑몰,가격 인하,nan,nan,nan,3,모름,1,여자,65
2024-07-25 10:21,아니오,비타민D,모름,nan,아침,5,효과,백화점,섭취가 편한 제품,비타민 C,친구 및 가족,성분 분석,,건강에 문제 없어서,2,여자,28
2024-02-08 8:43,예,모름,피로 회복,주 1회,저녁,4,성분,온라인 쇼핑몰,섭취가 편한 제품,nan,소셜 미디어,성분 분석,,nan,,여자,42
2024-10-08 16:43,예,비타민D,피부 건강,주 1회,점심,2,효과,백화점,가격 인하,홍삼,nan,사용 후기,5,nan,,남자,52
2024-10-26 23:09,예,홍삼,면역력 강화,주 1회,저녁,2,가격,온라인 쇼핑몰,효과 증대,프로바이오틱스,nan,가격 비교,4,모름,,여자,52
2024-06-22 21:56,아니오,루테인,면역력 강화,주 2~3회,점심,4,성분,백화점,가격 인하,비타민 D,친구 및 가족,사용 후기,,건강에 문제 없어서,1,여자,39
2024-09-13 11:40,아니오,모름,면역력 강화,주 2~3회,점심,1,가격,마트,크기를 작게,프로바이오틱스,소셜 미디어,성분 분석,2,효과를 믿지 않아서,4,남자,23
2024-05-26 12:16,아니오,모름,피부 건강,nan,아무때나,1,성분,약국,크기를 작게,nan,인터넷 검색,가격 비교,3,모름,4,남자,20
2024-09-23 8:25,아니오,엑세라민,피부 건강,주 1회,저녁,3,브랜드 신뢰도,마트,크기를 작게,nan,nan,가격 비교,4,nan,2,여자,61
2024-07-21 18:40,아니오,오메가3,다이어트,주 2~3회,아무때나,4,구매 편의성,약국,nan,nan,인터넷 검색,nan,1,비용이 너무 비싸서,,여자,53
2024-02-28 19:46,아니오,엑세라민,피로 회복,매일,점심,1,nan,마트,효과 증대,비타민 C,소셜 미디어,nan,5,건강에 문제 없어서,2,여자,46
2024-03-14 10:31,아니오,모름,다이어트,nan,아침,4,nan,마트,효과 증대,유산균,nan,전문가 의견,4,효과를 믿지 않아서,1,여자,40
2024-12-15 15:42,아니오,루테인,피로 회복,한 달에 한 번,점심,5,nan,온라인 쇼핑몰,nan,nan,nan,nan,,비용이 너무 비싸서,2,여자,43
2024-12-29 12:55,아니오,비타민D,피부 건강,nan,아무때나,2,가격,nan,섭취가 편한 제품,프로바이오틱스,인터넷 검색,가격 비교,3,건강에 문제 없어서,5,여자,34
2024-04-08 6:47,예,비타민D,피부 건강,한 달에 한 번,저녁,2,효과,백화점,크기를 작게,비타민 D,전문가 추천,nan,3,모름,4,남자,54
2024-11-10 22:40,예,루테인,다이어트,주 1회,저녁,2,nan,백화점,크기를 작게,nan,인터넷 검색,전문가 의견,3,모름,2,남자,44
2024-10-24 18:32,예,모름,모름,한 달에 한 번,아무때나,4,브랜드 신뢰도,백화점,섭취가 편한 제품,nan,인터넷 검색,성분 분석,4,건강에 문제 없어서,2,여자,28
2024-04-08 15:34,예,nan,다이어트,주 1회,저녁,4,nan,약국,가격 인하,nan,전문가 추천,nan,3,효과를 믿지 않아서,3,여자,36
2024-06-15 5:47,아니오,비타민D,피로 회복,매일,nan,3,성분,백화점,가격 인하,비타민 C,소셜 미디어,가격 비교,,건강에 문제 없어서,2,여자,40
2024-06-17 10:24,아니오,nan,다이어트,한 달에 한 번,아침,2,가격,백화점,효과 증대,nan,소셜 미디어,성분 분석,4,비용이 너무 비싸서,5,남자,32
2024-09-22 6:07,예,비타민D,면역력 강화,nan,아침,3,성분,온라인 쇼핑몰,nan,프로바이오틱스,nan,가격 비교,3,비용이 너무 비싸서,4,여자,22
2024-04-01 16:57,아니오,비타민D,피로 회복,주 1회,아침,2,성분,마트,효과 증대,홍삼,친구 및 가족,성분 분석,1,모름,3,남자,23
2024-09-13 2:54,예,오메가3,피로 회복,nan,저녁,3,성분,백화점,가격 인하,유산균,친구 및 가족,가격 비교,1,건강에 문제 없어서,1,남자,23
2024-04-17 18:47,아니오,오메가3,모름,주 2~3회,저녁,3,구매 편의성,nan,섭취가 편한 제품,nan,nan,nan,2,모름,1,여자,62
2024-09-21 12:35,예,홍삼,피부 건강,주 1회,점심,5,구매 편의성,백화점,효과 증대,비타민 C,친구 및 가족,nan,3,효과를 믿지 않아서,4,남자,47
2024-09-19 16:44,아니오,엑세라민,피로 회복,한 달에 한 번,점심,3,효과,약국,크기를 작게,프로바이오틱스,인터넷 검색,전문가 의견,3,비용이 너무 비싸서,1,여자,26
2024-09-30 7:02,아니오,루테인,피부 건강,주 1회,아침,4,가격,약국,크기를 작게,nan,인터넷 검색,성분 분석,4,nan,5,남자,45
2024-05-03 3:04,예,루테인,다이어트,nan,nan,3,브랜드 신뢰도,약국,섭취가 편한 제품,비타민 C,전문가 추천,전문가 의견,4,nan,2,여자,30
2024-11-16 18:58,아니오,루테인,면역력 강화,매일,점심,2,브랜드 신뢰도,백화점,가격 인하,홍삼,전문가 추천,사용 후기,3,건강에 문제 없어서,4,여자,43
2024-01-19 23:58,예,홍삼,모름,주 1회,점심,3,브랜드 신뢰도,온라인 쇼핑몰,크기를 작게,비타민 D,nan,nan,2,건강에 문제 없어서,3,남자,62
2024-10-16 0:05,예,오메가3,피부 건강,한 달에 한 번,저녁,1,성분,nan,크기를 작게,nan,nan,성분 분석,3,nan,2,남자,29
2024-12-02 12:02,예,모름,피로 회복,주 2~3회,nan,,구매 편의성,백화점,nan,프로바이오틱스,nan,전문가 의견,,건강에 문제 없어서,1,남자,56
2024-03-19 22:03,예,nan,피부 건강,매일,아침,2,가격,온라인 쇼핑몰,효과 증대,비타민 C,인터넷 검색,전문가 의견,4,비용이 너무 비싸서,1,여자,32
2024-10-05 18:34,아니오,nan,피로 회복,주 2~3회,점심,1,성분,온라인 쇼핑몰,가격 인하,비타민 C,친구 및 가족,사용 후기,3,효과를 믿지 않아서,3,남자,63
2024-03-09 7:45,아니오,모름,피부 건강,주 1회,nan,2,구매 편의성,백화점,효과 증대,nan,nan,전문가 의견,4,효과를 믿지 않아서,5,남자,61
2024-05-18 11:21,아니오,홍삼,피로 회복,nan,nan,4,구매 편의성,백화점,가격 인하,비타민 C,nan,가격 비교,3,모름,3,여자,58
2024-06-28 18:14,예,모름,다이어트,nan,아침,,nan,온라인 쇼핑몰,크기를 작게,비타민 D,인터넷 검색,nan,5,비용이 너무 비싸서,4,여자,38
2024-01-15 14:45,아니오,루테인,피로 회복,한 달에 한 번,nan,,nan,온라인 쇼핑몰,nan,비타민 C,인터넷 검색,전문가 의견,4,건강에 문제 없어서,3,남자,38
2024-02-26 23:55,예,엑세라민,피로 회복,nan,nan,4,가격,온라인 쇼핑몰,효과 증대,유산균,인터넷 검색,전문가 의견,2,건강에 문제 없어서,1,남자,31
2024-01-06 2:45,아니오,비타민D,면역력 강화,매일,nan,,가격,백화점,크기를 작게,유산균,친구 및 가족,사용 후기,5,모름,5,남자,41
2024-10-23 16:14,아니오,nan,피로 회복,nan,점심,4,가격,온라인 쇼핑몰,가격 인하,비타민 C,nan,가격 비교,,모름,5,여자,66
2024-01-24 9:12,아니오,오메가3,면역력 강화,한 달에 한 번,아침,1,성분,약국,효과 증대,nan,소셜 미디어,전문가 의견,3,건강에 문제 없어서,,여자,56
2024-11-08 18:03,예,오메가3,모름,주 1회,nan,5,효과,백화점,효과 증대,유산균,소셜 미디어,nan,,건강에 문제 없어서,3,남자,49
2024-11-02 4:13,아니오,홍삼,면역력 강화,주 1회,nan,2,가격,약국,크기를 작게,프로바이오틱스,nan,nan,4,비용이 너무 비싸서,4,여자,65
2024-07-08 23:45,아니오,오메가3,다이어트,nan,점심,4,nan,마트,효과 증대,유산균,nan,전문가 의견,5,모름,1,남자,31
2024-05-05 7:41,예,루테인,면역력 강화,주 2~3회,아침,2,효과,백화점,nan,비타민 C,nan,가격 비교,,비용이 너무 비싸서,2,남자,48
2024-02-16 18:24,아니오,nan,모름,주 1회,저녁,1,성분,마트,nan,nan,nan,nan,2,건강에 문제 없어서,5,여자,40
2024-08-24 9:23,예,모름,다이어트,nan,점심,5,효과,온라인 쇼핑몰,크기를 작게,홍삼,친구 및 가족,nan,4,nan,3,남자,30
2024-06-21 2:05,아니오,루테인,피부 건강,한 달에 한 번,아침,1,브랜드 신뢰도,온라인 쇼핑몰,가격 인하,nan,소셜 미디어,가격 비교,5,nan,,남자,56
2024-01-23 15:39,예,홍삼,피부 건강,nan,nan,,효과,nan,크기를 작게,nan,전문가 추천,가격 비교,,건강에 문제 없어서,4,여자,67
2024-02-20 10:05,예,루테인,면역력 강화,주 1회,아침,2,가격,온라인 쇼핑몰,nan,nan,소셜 미디어,전문가 의견,5,모름,4,남자,37
2024-06-30 22:50,아니오,모름,면역력 강화,한 달에 한 번,아침,5,성분,마트,섭취가 편한 제품,프로바이오틱스,소셜 미디어,성분 분석,5,nan,1,남자,63
2024-08-04 7:06,예,엑세라민,모름,nan,아침,,가격,온라인 쇼핑몰,섭취가 편한 제품,비타민 D,인터넷 검색,사용 후기,,모름,5,여자,46
2024-05-22 20:35,예,홍삼,모름,매일,저녁,5,nan,백화점,효과 증대,비타민 C,nan,성분 분석,1,nan,1,남자,56
2024-09-03 6:09,예,엑세라민,피로 회복,한 달에 한 번,아침,,브랜드 신뢰도,온라인 쇼핑몰,효과 증대,비타민 D,nan,성분 분석,3,모름,,남자,67
2024-06-01 17:20,예,비타민D,모름,매일,저녁,1,nan,nan,섭취가 편한 제품,홍삼,nan,nan,4,nan,2,여자,31
2024-04-15 5:24,예,엑세라민,피로 회복,주 2~3회,nan,4,가격,온라인 쇼핑몰,nan,비타민 D,인터넷 검색,가격 비교,4,모름,2,여자,42
2024-05-18 2:35,예,비타민D,다이어트,한 달에 한 번,저녁,2,가격,마트,효과 증대,비타민 C,친구 및 가족,nan,4,비용이 너무 비싸서,2,여자,53
2024-10-09 1:29,아니오,비타민D,면역력 강화,매일,nan,3,가격,마트,크기를 작게,비타민 C,친구 및 가족,사용 후기,5,모름,4,남자,57
2024-06-27 15:55,예,엑세라민,다이어트,주 1회,nan,3,구매 편의성,온라인 쇼핑몰,크기를 작게,홍삼,전문가 추천,전문가 의견,,비용이 너무 비싸서,5,여자,42
2024-03-25 0:49,예,홍삼,모름,주 1회,저녁,1,브랜드 신뢰도,마트,nan,비타민 C,친구 및 가족,사용 후기,3,비용이 너무 비싸서,1,남자,44
2024-01-15 14:45,아니오,모름,다이어트,주 2~3회,점심,2,가격,마트,효과 증대,홍삼,친구 및 가족,nan,2,건강에 문제 없어서,1,여자,23
2024-01-10 20:45,아니오,루테인,다이어트,한 달에 한 번,아무때나,2,가격,nan,크기를 작게,홍삼,nan,nan,4,비용이 너무 비싸서,,남자,49
2024-02-18 23:00,아니오,루테인,다이어트,한 달에 한 번,아침,1,nan,백화점,효과 증대,비타민 C,소셜 미디어,nan,,효과를 믿지 않아서,2,남자,49
2024-03-14 1:45,아니오,모름,모름,한 달에 한 번,아무때나,2,nan,nan,효과 증대,유산균,친구 및 가족,nan,3,비용이 너무 비싸서,5,여자,32
2024-11-02 12:59,아니오,nan,다이어트,주 2~3회,아침,4,가격,약국,크기를 작게,홍삼,친구 및 가족,성분 분석,3,모름,5,남자,61
2024-10-11 14:52,아니오,nan,피로 회복,한 달에 한 번,아침,1,성분,nan,섭취가 편한 제품,비타민 C,인터넷 검색,전문가 의견,1,비용이 너무 비싸서,,남자,68
2024-12-05 10:11,아니오,비타민D,모름,주 1회,nan,4,구매 편의성,온라인 쇼핑몰,크기를 작게,유산균,전문가 추천,성분 분석,,모름,3,여자,33
2024-01-12 16:36,예,비타민D,다이어트,매일,아침,2,nan,백화점,nan,홍삼,인터넷 검색,nan,4,모름,5,남자,66
2024-01-18 4:07,예,홍삼,모름,주 1회,아침,1,성분,온라인 쇼핑몰,가격 인하,유산균,nan,가격 비교,5,효과를 믿지 않아서,5,남자,27
2024-07-02 9:55,아니오,오메가3,피부 건강,주 1회,저녁,2,구매 편의성,약국,크기를 작게,프로바이오틱스,소셜 미디어,성분 분석,3,비용이 너무 비싸서,1,남자,43
2024-05-28 8:07,예,엑세라민,피로 회복,매일,아무때나,1,가격,백화점,효과 증대,nan,전문가 추천,nan,3,비용이 너무 비싸서,,여자,37
2024-07-28 8:30,예,비타민D,다이어트,주 1회,저녁,2,브랜드 신뢰도,마트,효과 증대,프로바이오틱스,인터넷 검색,nan,2,nan,5,여자,54
2024-09-22 14:53,예,루테인,피부 건강,주 2~3회,아침,4,효과,nan,크기를 작게,유산균,친구 및 가족,전문가 의견,1,nan,5,여자,44
2024-10-20 18:05,아니오,홍삼,피부 건강,매일,nan,4,효과,온라인 쇼핑몰,가격 인하,홍삼,친구 및 가족,사용 후기,3,건강에 문제 없어서,1,여자,36
2024-02-05 19:20,아니오,엑세라민,모름,주 1회,저녁,2,가격,약국,크기를 작게,비타민 C,전문가 추천,성분 분석,3,모름,5,여자,51
2024-09-06 13:04,예,홍삼,피부 건강,nan,저녁,1,nan,마트,가격 인하,비타민 D,친구 및 가족,성분 분석,5,효과를 믿지 않아서,1,여자,43
2024-11-14 5:35,아니오,엑세라민,피로 회복,주 1회,점심,3,성분,nan,가격 인하,비타민 C,인터넷 검색,성분 분석,5,nan,3,여자,26
2024-09-21 21:21,예,엑세라민,피로 회복,주 2~3회,아침,4,브랜드 신뢰도,마트,nan,비타민 D,인터넷 검색,nan,2,비용이 너무 비싸서,4,여자,32
2024-12-26 6:00,예,모름,면역력 강화,한 달에 한 번,nan,4,구매 편의성,nan,효과 증대,비타민 D,친구 및 가족,전문가 의견,,건강에 문제 없어서,1,남자,46
2024-07-18 11:44,예,비타민D,피로 회복,주 1회,저녁,,가격,백화점,효과 증대,홍삼,친구 및 가족,nan,2,효과를 믿지 않아서,1,남자,67
2024-12-16 18:01,예,홍삼,피부 건강,한 달에 한 번,저녁,3,브랜드 신뢰도,마트,가격 인하,유산균,nan,nan,2,비용이 너무 비싸서,5,남자,24
2024-09-26 15:21,아니오,홍삼,피로 회복,nan,nan,2,브랜드 신뢰도,마트,효과 증대,비타민 C,소셜 미디어,가격 비교,5,비용이 너무 비싸서,1,남자,55
2024-08-11 14:29,아니오,모름,모름,주 1회,아침,1,nan,마트,섭취가 편한 제품,유산균,전문가 추천,전문가 의견,,모름,,여자,45
2024-12-10 4:10,아니오,루테인,면역력 강화,매일,점심,,구매 편의성,백화점,가격 인하,프로바이오틱스,인터넷 검색,성분 분석,5,모름,2,남자,61
2024-06-17 10:24,예,루테인,피부 건강,한 달에 한 번,저녁,2,브랜드 신뢰도,약국,효과 증대,홍삼,전문가 추천,사용 후기,1,nan,2,남자,64
2024-08-22 13:32,아니오,nan,면역력 강화,nan,점심,5,nan,nan,섭취가 편한 제품,홍삼,nan,성분 분석,4,nan,3,남자,50
2024-10-07 14:24,예,비타민D,피부 건강,매일,아무때나,4,성분,마트,nan,프로바이오틱스,인터넷 검색,nan,4,비용이 너무 비싸서,1,남자,29
2024-01-02 11:04,아니오,비타민D,모름,매일,아침,5,nan,백화점,효과 증대,비타민 C,nan,전문가 의견,1,비용이 너무 비싸서,,남자,65
2024-03-20 6:49,예,오메가3,면역력 강화,매일,아무때나,4,성분,약국,섭취가 편한 제품,nan,nan,전문가 의견,4,nan,5,여자,45
2024-07-02 9:55,예,모름,다이어트,매일,아무때나,4,성분,nan,크기를 작게,프로바이오틱스,친구 및 가족,전문가 의견,,nan,5,여자,41
2024-10-06 20:52,예,루테인,피부 건강,주 1회,아무때나,5,브랜드 신뢰도,백화점,크기를 작게,비타민 C,전문가 추천,가격 비교,5,비용이 너무 비싸서,4,남자,31
2024-05-25 1:12,아니오,엑세라민,다이어트,주 1회,아침,5,nan,nan,섭취가 편한 제품,비타민 D,전문가 추천,성분 분석,4,효과를 믿지 않아서,3,남자,51
2024-11-13 20:49,아니오,홍삼,면역력 강화,주 1회,아침,2,성분,마트,가격 인하,홍삼,친구 및 가족,가격 비교,,비용이 너무 비싸서,,남자,46
2024-10-17 2:24,아니오,비타민D,다이어트,nan,nan,,구매 편의성,약국,가격 인하,비타민 C,전문가 추천,사용 후기,5,효과를 믿지 않아서,,남자,52
2024-05-23 5:21,아니오,홍삼,다이어트,nan,점심,,브랜드 신뢰도,백화점,효과 증대,유산균,친구 및 가족,nan,,효과를 믿지 않아서,5,여자,39
2024-03-16 6:21,예,홍삼,면역력 강화,nan,점심,5,nan,약국,크기를 작게,유산균,인터넷 검색,가격 비교,1,비용이 너무 비싸서,4,남자,58
2024-01-06 2:45,아니오,오메가3,모름,주 2~3회,nan,2,nan,마트,가격 인하,홍삼,nan,가격 비교,2,건강에 문제 없어서,5,여자,60
2024-11-09 2:50,아니오,루테인,다이어트,nan,nan,,효과,약국,가격 인하,프로바이오틱스,nan,nan,1,nan,4,남자,59
2024-07-21 1:07,예,비타민D,다이어트,주 1회,아무때나,2,nan,약국,크기를 작게,nan,전문가 추천,전문가 의견,4,모름,2,여자,32
2024-11-21 12:58,예,홍삼,모름,주 1회,nan,2,브랜드 신뢰도,온라인 쇼핑몰,nan,프로바이오틱스,소셜 미디어,nan,5,비용이 너무 비싸서,,여자,33
2024-06-17 1:38,예,비타민D,다이어트,주 2~3회,저녁,4,구매 편의성,약국,가격 인하,비타민 C,nan,성분 분석,,효과를 믿지 않아서,2,여자,63
2024-09-09 2:27,아니오,엑세라민,다이어트,주 2~3회,점심,,nan,nan,섭취가 편한 제품,프로바이오틱스,친구 및 가족,nan,4,비용이 너무 비싸서,5,남자,59
2024-07-28 17:16,예,오메가3,다이어트,nan,nan,,효과,백화점,효과 증대,홍삼,소셜 미디어,전문가 의견,4,nan,3,남자,41
2024-11-11 7:26,예,엑세라민,피로 회복,한 달에 한 번,저녁,4,브랜드 신뢰도,온라인 쇼핑몰,가격 인하,비타민 C,소셜 미디어,nan,2,효과를 믿지 않아서,1,여자,37
2024-09-28 2:25,예,비타민D,모름,주 2~3회,저녁,5,성분,백화점,가격 인하,비타민 D,nan,가격 비교,4,모름,3,남자,67
2024-03-28 16:30,아니오,nan,다이어트,매일,저녁,4,가격,백화점,nan,프로바이오틱스,nan,사용 후기,2,모름,3,남자,48
2024-07-24 16:49,예,비타민D,모름,주 1회,저녁,,가격,마트,섭취가 편한 제품,프로바이오틱스,nan,가격 비교,5,모름,1,여자,62
2024-02-04 17:01,아니오,루테인,피부 건강,매일,아무때나,,성분,마트,효과 증대,nan,친구 및 가족,사용 후기,5,건강에 문제 없어서,,남자,35
2024-11-24 11:07,아니오,홍삼,피부 건강,주 1회,저녁,5,nan,온라인 쇼핑몰,가격 인하,비타민 C,소셜 미디어,nan,,효과를 믿지 않아서,2,여자,65
2024-09-24 19:30,예,홍삼,다이어트,주 1회,아무때나,4,가격,마트,효과 증대,유산균,전문가 추천,성분 분석,2,효과를 믿지 않아서,2,남자,54
2024-06-25 20:05,예,엑세라민,모름,주 2~3회,아무때나,1,가격,마트,크기를 작게,프로바이오틱스,친구 및 가족,nan,1,건강에 문제 없어서,,남자,53
2024-05-28 8:07,아니오,오메가3,모름,주 2~3회,저녁,1,성분,마트,가격 인하,홍삼,인터넷 검색,전문가 의견,5,효과를 믿지 않아서,1,여자,22
2024-03-25 0:49,예,nan,모름,매일,점심,5,nan,백화점,가격 인하,프로바이오틱스,nan,nan,,건강에 문제 없어서,4,여자,23
2024-09-30 7:02,예,모름,피로 회복,주 1회,저녁,4,nan,온라인 쇼핑몰,크기를 작게,nan,소셜 미디어,사용 후기,1,비용이 너무 비싸서,3,여자,24
2024-08-26 22:46,아니오,홍삼,피부 건강,매일,저녁,4,성분,백화점,nan,비타민 D,친구 및 가족,가격 비교,5,nan,5,여자,29
2024-03-03 2:41,아니오,루테인,모름,한 달에 한 번,저녁,2,nan,nan,가격 인하,nan,인터넷 검색,성분 분석,5,모름,2,남자,48
2024-07-16 7:08,예,엑세라민,모름,매일,점심,,nan,백화점,효과 증대,프로바이오틱스,친구 및 가족,nan,,건강에 문제 없어서,,남자,51
2024-01-13 18:54,아니오,엑세라민,피로 회복,nan,아침,3,브랜드 신뢰도,nan,섭취가 편한 제품,유산균,친구 및 가족,nan,,건강에 문제 없어서,5,남자,50
2024-07-10 10:50,예,모름,피로 회복,매일,아침,5,브랜드 신뢰도,약국,효과 증대,프로바이오틱스,전문가 추천,가격 비교,3,건강에 문제 없어서,1,여자,21
2024-02-28 2:14,예,루테인,모름,nan,아무때나,3,성분,약국,nan,비타민 C,전문가 추천,성분 분석,4,비용이 너무 비싸서,5,남자,31
2024-11-02 4:13,예,오메가3,면역력 강화,nan,아무때나,3,구매 편의성,nan,섭취가 편한 제품,프로바이오틱스,친구 및 가족,nan,4,건강에 문제 없어서,5,남자,46
2024-09-12 0:36,아니오,루테인,모름,nan,점심,5,가격,nan,효과 증대,유산균,인터넷 검색,nan,1,nan,3,남자,24
2024-03-29 10:02,예,오메가3,모름,한 달에 한 번,nan,4,브랜드 신뢰도,백화점,효과 증대,비타민 C,소셜 미디어,사용 후기,4,nan,1,여자,56
2024-02-01 1:20,예,루테인,피로 회복,매일,아침,5,가격,nan,크기를 작게,홍삼,소셜 미디어,사용 후기,1,모름,5,여자,46
2024-10-17 11:10,예,루테인,피로 회복,매일,아무때나,3,효과,온라인 쇼핑몰,nan,비타민 C,nan,전문가 의견,5,비용이 너무 비싸서,2,남자,42
2024-07-29 19:34,아니오,비타민D,모름,한 달에 한 번,아침,,성분,약국,크기를 작게,nan,nan,가격 비교,3,nan,1,남자,52
2024-09-05 19:31,아니오,엑세라민,모름,주 1회,점심,,구매 편의성,약국,섭취가 편한 제품,비타민 D,소셜 미디어,성분 분석,3,효과를 믿지 않아서,2,여자,23
2024-07-22 3:26,아니오,루테인,모름,주 2~3회,점심,,효과,nan,크기를 작게,nan,친구 및 가족,nan,5,효과를 믿지 않아서,,여자,40
2024-07-28 8:30,아니오,모름,피로 회복,매일,nan,4,효과,마트,nan,비타민 C,친구 및 가족,nan,,효과를 믿지 않아서,,여자,43
2024-12-13 19:52,아니오,루테인,모름,주 2~3회,nan,1,nan,마트,가격 인하,홍삼,전문가 추천,전문가 의견,2,건강에 문제 없어서,4,여자,63
2024-08-23 15:51,예,홍삼,모름,한 달에 한 번,점심,5,효과,nan,가격 인하,프로바이오틱스,전문가 추천,nan,2,건강에 문제 없어서,,남자,50
2024-10-17 11:10,아니오,엑세라민,다이어트,주 1회,아무때나,,성분,온라인 쇼핑몰,섭취가 편한 제품,비타민 C,nan,가격 비교,4,효과를 믿지 않아서,5,여자,63
2024-01-10 20:45,아니오,홍삼,면역력 강화,주 1회,아침,5,브랜드 신뢰도,마트,가격 인하,nan,소셜 미디어,전문가 의견,,모름,1,남자,67
2024-08-14 3:52,아니오,엑세라민,피부 건강,주 1회,저녁,,성분,nan,크기를 작게,비타민 C,친구 및 가족,가격 비교,1,모름,,여자,43
2024-07-21 18:40,예,홍삼,면역력 강화,한 달에 한 번,nan,4,브랜드 신뢰도,온라인 쇼핑몰,섭취가 편한 제품,비타민 C,소셜 미디어,전문가 의견,3,건강에 문제 없어서,2,남자,68
2024-05-03 20:36,아니오,루테인,다이어트,nan,저녁,1,효과,온라인 쇼핑몰,nan,비타민 C,인터넷 검색,nan,4,효과를 믿지 않아서,5,남자,29
2024-10-18 4:42,아니오,루테인,피부 건강,nan,아무때나,1,효과,백화점,섭취가 편한 제품,홍삼,소셜 미디어,전문가 의견,5,모름,,여자,68
2024-12-15 15:42,예,비타민D,모름,주 2~3회,nan,,구매 편의성,온라인 쇼핑몰,섭취가 편한 제품,유산균,인터넷 검색,사용 후기,,건강에 문제 없어서,3,남자,68
2024-04-30 13:41,아니오,모름,다이어트,nan,저녁,4,브랜드 신뢰도,마트,효과 증대,유산균,전문가 추천,성분 분석,3,효과를 믿지 않아서,2,남자,69
2024-08-21 11:14,예,홍삼,모름,nan,아무때나,2,효과,마트,효과 증대,비타민 C,전문가 추천,nan,1,비용이 너무 비싸서,2,남자,21
2024-07-03 12:13,예,오메가3,피로 회복,주 1회,아침,5,nan,nan,섭취가 편한 제품,홍삼,nan,성분 분석,1,효과를 믿지 않아서,4,여자,50
2024-05-06 18:45,예,비타민D,다이어트,주 1회,아무때나,5,가격,nan,가격 인하,홍삼,소셜 미디어,nan,2,효과를 믿지 않아서,3,여자,44
2024-06-21 10:51,예,홍삼,피로 회복,주 2~3회,nan,3,구매 편의성,온라인 쇼핑몰,효과 증대,비타민 C,소셜 미디어,성분 분석,4,nan,4,여자,23
2024-03-25 0:49,예,홍삼,다이어트,매일,점심,4,성분,약국,nan,nan,인터넷 검색,사용 후기,5,nan,,남자,30
2024-03-10 1:17,아니오,비타민D,다이어트,주 2~3회,아침,3,구매 편의성,백화점,크기를 작게,nan,전문가 추천,성분 분석,3,비용이 너무 비싸서,3,남자,36
2024-03-22 20:12,예,루테인,피로 회복,주 2~3회,저녁,,가격,약국,효과 증대,비타민 D,인터넷 검색,전문가 의견,1,비용이 너무 비싸서,2,남자,63
2024-05-20 7:12,예,홍삼,피부 건강,한 달에 한 번,nan,3,브랜드 신뢰도,온라인 쇼핑몰,섭취가 편한 제품,비타민 C,전문가 추천,성분 분석,3,효과를 믿지 않아서,4,남자,21
2024-05-17 9:03,아니오,루테인,면역력 강화,한 달에 한 번,점심,1,성분,온라인 쇼핑몰,가격 인하,비타민 D,인터넷 검색,nan,5,모름,5,여자,25
2024-04-13 0:47,예,비타민D,모름,주 2~3회,아무때나,5,성분,약국,크기를 작게,nan,전문가 추천,가격 비교,3,비용이 너무 비싸서,3,남자,28
2024-12-15 15:42,아니오,루테인,다이어트,주 2~3회,점심,3,브랜드 신뢰도,백화점,효과 증대,nan,인터넷 검색,성분 분석,4,효과를 믿지 않아서,2,남자,24
2024-08-18 21:51,아니오,엑세라민,모름,주 2~3회,nan,1,구매 편의성,약국,가격 인하,비타민 C,전문가 추천,성분 분석,2,건강에 문제 없어서,1,남자,39
2024-08-17 2:01,아니오,오메가3,피로 회복,nan,nan,4,효과,nan,가격 인하,비타민 D,인터넷 검색,성분 분석,3,nan,3,여자,48
2024-12-21 3:14,예,nan,모름,한 달에 한 번,점심,3,구매 편의성,마트,가격 인하,비타민 D,소셜 미디어,nan,,모름,3,남자,40
2024-09-28 19:57,예,홍삼,피로 회복,주 2~3회,아무때나,,가격,nan,섭취가 편한 제품,비타민 C,nan,성분 분석,2,효과를 믿지 않아서,,여자,28
2024-04-04 6:20,예,모름,모름,주 1회,점심,,nan,마트,nan,비타민 D,인터넷 검색,nan,5,건강에 문제 없어서,5,여자,47
2024-05-10 19:13,아니오,오메가3,면역력 강화,주 1회,nan,,효과,온라인 쇼핑몰,가격 인하,프로바이오틱스,nan,nan,2,nan,,남자,27
2024-09-16 1:03,예,nan,면역력 강화,nan,nan,5,구매 편의성,백화점,크기를 작게,nan,소셜 미디어,가격 비교,3,건강에 문제 없어서,3,남자,50
2024-06-15 5:47,예,루테인,면역력 강화,nan,저녁,3,nan,약국,효과 증대,유산균,소셜 미디어,전문가 의견,3,효과를 믿지 않아서,3,남자,39
2024-05-29 19:11,예,홍삼,면역력 강화,매일,저녁,4,nan,백화점,크기를 작게,홍삼,전문가 추천,nan,,비용이 너무 비싸서,5,남자,46
2024-08-24 18:09,아니오,루테인,면역력 강화,매일,아침,3,브랜드 신뢰도,약국,섭취가 편한 제품,비타민 D,nan,사용 후기,1,nan,5,여자,27
2024-04-25 19:41,아니오,엑세라민,면역력 강화,매일,nan,5,가격,nan,섭취가 편한 제품,비타민 D,친구 및 가족,성분 분석,,건강에 문제 없어서,4,여자,40
2024-09-03 23:41,예,비타민D,피로 회복,nan,저녁,1,가격,nan,크기를 작게,홍삼,전문가 추천,사용 후기,3,비용이 너무 비싸서,2,여자,47
2024-03-22 20:12,예,홍삼,다이어트,nan,점심,5,가격,약국,nan,비타민 D,nan,성분 분석,2,모름,2,여자,42
2024-10-25 20:51,예,nan,모름,nan,아무때나,,효과,백화점,섭취가 편한 제품,홍삼,인터넷 검색,가격 비교,,효과를 믿지 않아서,4,여자,25
2024-03-26 3:07,예,nan,면역력 강화,주 1회,점심,1,성분,약국,섭취가 편한 제품,비타민 C,인터넷 검색,nan,,효과를 믿지 않아서,2,여자,22
2024-09-06 13:04,아니오,엑세라민,피로 회복,nan,아무때나,,효과,온라인 쇼핑몰,크기를 작게,프로바이오틱스,소셜 미디어,전문가 의견,1,nan,3,여자,24
2024-08-30 5:41,아니오,엑세라민,피로 회복,주 1회,저녁,2,구매 편의성,nan,섭취가 편한 제품,프로바이오틱스,친구 및 가족,nan,3,건강에 문제 없어서,4,여자,28
2024-12-21 20:46,아니오,홍삼,피로 회복,매일,아침,5,nan,온라인 쇼핑몰,nan,nan,인터넷 검색,성분 분석,3,모름,4,여자,26
2024-10-28 19:00,아니오,루테인,다이어트,매일,점심,5,nan,nan,nan,유산균,nan,전문가 의견,5,nan,2,여자,23
2024-05-16 6:45,예,모름,모름,매일,점심,4,성분,nan,nan,비타민 D,nan,nan,1,nan,1,남자,58
2024-09-02 3:50,예,nan,다이어트,주 2~3회,점심,3,구매 편의성,마트,효과 증대,유산균,인터넷 검색,전문가 의견,5,건강에 문제 없어서,2,남자,24
2024-08-09 18:38,예,nan,피부 건강,주 2~3회,아무때나,1,성분,온라인 쇼핑몰,nan,비타민 C,nan,성분 분석,5,모름,,남자,30
2024-06-21 2:05,아니오,엑세라민,피로 회복,한 달에 한 번,저녁,1,nan,온라인 쇼핑몰,nan,프로바이오틱스,nan,가격 비교,5,건강에 문제 없어서,1,여자,34
2024-03-25 18:21,예,오메가3,피부 건강,한 달에 한 번,점심,4,효과,마트,효과 증대,비타민 C,소셜 미디어,가격 비교,4,효과를 믿지 않아서,4,남자,53
2024-09-09 11:13,아니오,엑세라민,면역력 강화,한 달에 한 번,점심,4,가격,백화점,가격 인하,비타민 C,친구 및 가족,nan,5,비용이 너무 비싸서,1,여자,32
2024-02-10 22:06,아니오,모름,면역력 강화,주 2~3회,아침,3,nan,온라인 쇼핑몰,섭취가 편한 제품,비타민 D,소셜 미디어,사용 후기,,효과를 믿지 않아서,3,여자,67
2024-10-29 21:18,예,루테인,다이어트,주 2~3회,아침,,브랜드 신뢰도,약국,nan,비타민 C,친구 및 가족,성분 분석,2,효과를 믿지 않아서,5,남자,26
2024-06-30 5:18,예,루테인,모름,한 달에 한 번,저녁,3,가격,마트,섭취가 편한 제품,프로바이오틱스,nan,nan,,nan,1,여자,59
2024-06-10 3:01,예,오메가3,피부 건강,한 달에 한 번,저녁,5,nan,온라인 쇼핑몰,크기를 작게,유산균,친구 및 가족,nan,,효과를 믿지 않아서,,남자,25
2024-07-24 16:49,아니오,nan,모름,nan,nan,,효과,백화점,섭취가 편한 제품,프로바이오틱스,nan,가격 비교,3,모름,5,여자,58
2024-04-07 13:15,예,엑세라민,다이어트,한 달에 한 번,아침,2,성분,온라인 쇼핑몰,효과 증대,비타민 D,nan,전문가 의견,4,효과를 믿지 않아서,3,여자,69
2024-07-04 23:18,아니오,루테인,면역력 강화,nan,nan,3,가격,nan,섭취가 편한 제품,프로바이오틱스,소셜 미디어,성분 분석,5,모름,,남자,49
2024-10-21 11:37,예,모름,모름,주 1회,아무때나,4,효과,약국,섭취가 편한 제품,홍삼,소셜 미디어,전문가 의견,3,건강에 문제 없어서,5,남자,41
2024-05-20 15:58,아니오,홍삼,모름,주 2~3회,nan,,구매 편의성,마트,섭취가 편한 제품,유산균,전문가 추천,성분 분석,1,nan,3,남자,44
2024-05-21 0:44,아니오,비타민D,면역력 강화,한 달에 한 번,점심,3,브랜드 신뢰도,nan,가격 인하,홍삼,인터넷 검색,사용 후기,1,모름,5,남자,47
2024-02-10 22:06,예,비타민D,피부 건강,주 2~3회,nan,1,가격,백화점,가격 인하,홍삼,전문가 추천,가격 비교,3,효과를 믿지 않아서,5,남자,39
2024-08-11 14:29,아니오,비타민D,면역력 강화,주 2~3회,저녁,2,성분,nan,크기를 작게,nan,전문가 추천,사용 후기,2,nan,2,남자,58
2024-08-15 23:42,아니오,nan,모름,주 2~3회,아무때나,5,구매 편의성,nan,효과 증대,비타민 D,친구 및 가족,nan,3,nan,,여자,22
2024-12-13 11:05,예,엑세라민,피부 건강,주 1회,점심,1,효과,백화점,섭취가 편한 제품,비타민 C,nan,가격 비교,3,모름,,여자,24
2024-01-30 5:30,아니오,오메가3,피부 건강,매일,nan,1,브랜드 신뢰도,nan,섭취가 편한 제품,홍삼,nan,nan,4,모름,1,여자,20
2024-09-12 0:36,예,루테인,면역력 강화,한 달에 한 번,아무때나,2,성분,마트,섭취가 편한 제품,프로바이오틱스,nan,사용 후기,1,비용이 너무 비싸서,,여자,34
2024-02-10 22:06,아니오,홍삼,모름,매일,아무때나,5,효과,온라인 쇼핑몰,섭취가 편한 제품,비타민 C,인터넷 검색,성분 분석,1,비용이 너무 비싸서,,남자,45
2024-01-01 8:46,예,모름,다이어트,매일,점심,4,효과,nan,가격 인하,프로바이오틱스,친구 및 가족,nan,5,nan,5,여자,22
2024-08-22 4:46,예,홍삼,모름,매일,nan,,가격,마트,크기를 작게,프로바이오틱스,친구 및 가족,전문가 의견,,비용이 너무 비싸서,4,여자,59
2024-03-21 0:21,아니오,모름,피로 회복,주 2~3회,아무때나,5,가격,온라인 쇼핑몰,nan,비타민 C,nan,성분 분석,3,효과를 믿지 않아서,2,남자,60
2024-07-25 10:21,아니오,nan,다이어트,nan,아무때나,3,성분,온라인 쇼핑몰,효과 증대,비타민 C,전문가 추천,성분 분석,3,건강에 문제 없어서,1,여자,66
2024-11-08 0:31,아니오,엑세라민,피부 건강,주 2~3회,아침,1,nan,nan,섭취가 편한 제품,프로바이오틱스,인터넷 검색,사용 후기,2,nan,2,남자,61
2024-12-29 21:41,아니오,비타민D,다이어트,주 2~3회,아무때나,3,nan,마트,크기를 작게,비타민 D,전문가 추천,사용 후기,1,건강에 문제 없어서,1,남자,53
2024-09-25 13:02,아니오,엑세라민,피부 건강,매일,아침,4,효과,nan,nan,유산균,소셜 미디어,가격 비교,2,비용이 너무 비싸서,3,남자,24
2024-03-22 20:12,예,nan,피부 건강,주 2~3회,nan,3,가격,백화점,크기를 작게,nan,친구 및 가족,가격 비교,4,모름,5,여자,50
2024-05-20 7:12,아니오,오메가3,다이어트,매일,nan,5,브랜드 신뢰도,온라인 쇼핑몰,가격 인하,유산균,친구 및 가족,전문가 의견,5,nan,,남자,32
2024-05-26 21:02,예,오메가3,피부 건강,nan,nan,3,브랜드 신뢰도,nan,nan,비타민 D,전문가 추천,성분 분석,2,비용이 너무 비싸서,,여자,62
2024-08-20 17:42,예,nan,피부 건강,한 달에 한 번,저녁,4,효과,온라인 쇼핑몰,크기를 작게,nan,인터넷 검색,전문가 의견,1,효과를 믿지 않아서,4,여자,20
2024-02-17 3:10,아니오,모름,피로 회복,매일,nan,4,가격,마트,가격 인하,비타민 C,친구 및 가족,전문가 의견,4,nan,2,여자,41
2024-01-19 23:58,예,루테인,모름,nan,아무때나,4,성분,약국,크기를 작게,nan,전문가 추천,사용 후기,3,nan,2,남자,34
2024-09-06 13:04,예,루테인,모름,한 달에 한 번,점심,5,성분,nan,크기를 작게,프로바이오틱스,인터넷 검색,전문가 의견,4,모름,2,남자,45
2024-09-23 8:25,예,모름,피로 회복,주 1회,아침,4,성분,nan,nan,유산균,전문가 추천,전문가 의견,,nan,,남자,37
2024-09-02 3:50,예,오메가3,다이어트,매일,저녁,1,브랜드 신뢰도,온라인 쇼핑몰,가격 인하,nan,인터넷 검색,nan,2,모름,2,여자,67
2024-09-16 1:03,아니오,오메가3,면역력 강화,매일,nan,4,가격,마트,섭취가 편한 제품,프로바이오틱스,nan,가격 비교,1,비용이 너무 비싸서,5,여자,28
2024-05-31 15:02,예,오메가3,면역력 강화,주 1회,nan,3,가격,백화점,효과 증대,비타민 D,인터넷 검색,가격 비교,2,효과를 믿지 않아서,1,남자,20
2024-03-30 21:07,아니오,엑세라민,면역력 강화,주 1회,점심,,브랜드 신뢰도,마트,nan,nan,소셜 미디어,성분 분석,3,효과를 믿지 않아서,,여자,62
2024-11-01 1:55,아니오,오메가3,피로 회복,매일,점심,3,성분,nan,가격 인하,프로바이오틱스,nan,가격 비교,3,nan,5,남자,28
2024-06-09 0:43,예,홍삼,피로 회복,주 1회,저녁,,성분,백화점,크기를 작게,비타민 D,전문가 추천,성분 분석,1,nan,3,남자,42
2024-03-14 19:17,아니오,비타민D,피부 건강,주 2~3회,아침,3,효과,마트,가격 인하,비타민 C,nan,nan,,비용이 너무 비싸서,5,여자,62
2024-03-07 20:41,아니오,오메가3,면역력 강화,한 달에 한 번,nan,5,nan,약국,효과 증대,비타민 D,nan,가격 비교,5,모름,5,여자,64
2024-02-14 13:47,아니오,모름,다이어트,한 달에 한 번,저녁,3,구매 편의성,온라인 쇼핑몰,효과 증대,비타민 D,전문가 추천,nan,4,효과를 믿지 않아서,3,남자,21
2024-05-26 3:30,예,비타민D,다이어트,한 달에 한 번,아무때나,5,nan,마트,섭취가 편한 제품,유산균,전문가 추천,가격 비교,4,모름,5,여자,33
2024-10-06 20:52,아니오,엑세라민,면역력 강화,주 2~3회,아무때나,5,가격,마트,섭취가 편한 제품,프로바이오틱스,소셜 미디어,가격 비교,3,비용이 너무 비싸서,1,남자,57
2024-04-17 1:14,아니오,모름,면역력 강화,주 1회,저녁,4,가격,약국,효과 증대,nan,전문가 추천,nan,2,효과를 믿지 않아서,,남자,59
2024-04-11 22:29,아니오,비타민D,면역력 강화,nan,nan,1,가격,nan,nan,유산균,친구 및 가족,전문가 의견,2,효과를 믿지 않아서,4,여자,37
2024-11-01 10:41,예,모름,피로 회복,주 1회,저녁,,nan,온라인 쇼핑몰,nan,홍삼,친구 및 가족,전문가 의견,,건강에 문제 없어서,3,남자,35
2024-11-18 14:49,아니오,엑세라민,피로 회복,매일,nan,4,구매 편의성,마트,크기를 작게,비타민 D,소셜 미디어,전문가 의견,5,비용이 너무 비싸서,,여자,48
2024-08-10 12:10,예,홍삼,피로 회복,한 달에 한 번,점심,4,효과,백화점,섭취가 편한 제품,홍삼,인터넷 검색,전문가 의견,2,비용이 너무 비싸서,2,남자,63
2024-03-12 23:26,예,엑세라민,모름,주 1회,저녁,5,nan,마트,크기를 작게,유산균,인터넷 검색,가격 비교,4,건강에 문제 없어서,1,여자,30
2024-12-24 10:09,예,엑세라민,다이어트,nan,nan,5,구매 편의성,온라인 쇼핑몰,섭취가 편한 제품,프로바이오틱스,친구 및 가족,사용 후기,2,모름,4,여자,25
2024-11-27 0:30,예,모름,다이어트,매일,저녁,,성분,마트,효과 증대,유산균,전문가 추천,nan,5,건강에 문제 없어서,1,남자,22
2024-07-05 8:04,예,nan,피부 건강,주 2~3회,저녁,3,성분,약국,nan,프로바이오틱스,소셜 미디어,사용 후기,4,비용이 너무 비싸서,1,여자,33
2024-10-01 9:20,예,루테인,피로 회복,주 2~3회,nan,3,가격,마트,nan,프로바이오틱스,인터넷 검색,사용 후기,2,모름,2,여자,21
2024-02-22 5:56,아니오,오메가3,모름,nan,nan,4,브랜드 신뢰도,마트,효과 증대,비타민 C,인터넷 검색,성분 분석,4,효과를 믿지 않아서,4,남자,51
2024-08-10 3:24,예,오메가3,모름,매일,아침,2,가격,백화점,크기를 작게,비타민 D,nan,전문가 의견,3,건강에 문제 없어서,1,여자,50
2024-03-14 1:45,아니오,홍삼,다이어트,한 달에 한 번,저녁,2,브랜드 신뢰도,약국,크기를 작게,유산균,친구 및 가족,가격 비교,3,모름,2,남자,30
2024-02-14 22:33,아니오,홍삼,피로 회복,주 1회,아무때나,3,구매 편의성,약국,가격 인하,프로바이오틱스,전문가 추천,전문가 의견,,모름,3,여자,41
2024-03-08 22:59,예,오메가3,피부 건강,매일,저녁,2,성분,마트,섭취가 편한 제품,유산균,소셜 미디어,전문가 의견,3,모름,2,남자,22
2024-04-28 17:50,아니오,루테인,피로 회복,주 2~3회,저녁,3,nan,백화점,크기를 작게,유산균,인터넷 검색,사용 후기,2,건강에 문제 없어서,5,남자,69
2024-06-18 3:56,아니오,오메가3,면역력 강화,nan,nan,5,브랜드 신뢰도,마트,효과 증대,프로바이오틱스,nan,성분 분석,5,효과를 믿지 않아서,,남자,50
2024-05-07 3:31,아니오,nan,피로 회복,nan,저녁,4,구매 편의성,마트,크기를 작게,nan,친구 및 가족,전문가 의견,4,모름,2,남자,52
2024-10-08 7:57,아니오,루테인,면역력 강화,주 1회,저녁,1,성분,온라인 쇼핑몰,nan,홍삼,친구 및 가족,nan,1,건강에 문제 없어서,2,여자,43
2024-08-28 18:37,예,홍삼,면역력 강화,nan,아무때나,4,nan,온라인 쇼핑몰,섭취가 편한 제품,비타민 D,소셜 미디어,nan,3,비용이 너무 비싸서,2,남자,20
2024-10-05 18:34,아니오,비타민D,피부 건강,nan,nan,3,브랜드 신뢰도,백화점,가격 인하,비타민 D,인터넷 검색,전문가 의견,3,건강에 문제 없어서,1,여자,63
2024-12-14 13:24,예,모름,다이어트,매일,저녁,3,가격,nan,섭취가 편한 제품,nan,소셜 미디어,사용 후기,1,건강에 문제 없어서,4,남자,34
2024-12-06 3:43,아니오,nan,피로 회복,한 달에 한 번,점심,4,가격,온라인 쇼핑몰,nan,비타민 C,소셜 미디어,사용 후기,1,건강에 문제 없어서,2,여자,56
2024-05-26 21:02,아니오,nan,면역력 강화,주 1회,아침,,가격,nan,nan,nan,nan,가격 비교,2,모름,2,남자,46
2024-05-06 1:13,예,홍삼,피로 회복,매일,아무때나,3,구매 편의성,약국,nan,비타민 C,친구 및 가족,성분 분석,4,건강에 문제 없어서,5,여자,57
2024-12-17 11:33,아니오,홍삼,다이어트,한 달에 한 번,저녁,2,가격,온라인 쇼핑몰,nan,비타민 C,전문가 추천,사용 후기,3,비용이 너무 비싸서,5,여자,67
2024-07-05 8:04,아니오,엑세라민,다이어트,매일,점심,2,효과,온라인 쇼핑몰,효과 증대,nan,친구 및 가족,가격 비교,5,모름,3,남자,46
2024-02-23 8:14,아니오,nan,모름,매일,저녁,3,성분,백화점,가격 인하,비타민 D,친구 및 가족,nan,2,비용이 너무 비싸서,3,남자,63
2024-02-23 17:00,예,엑세라민,다이어트,nan,저녁,3,구매 편의성,nan,nan,홍삼,nan,nan,2,nan,5,남자,31
2024-11-11 7:26,아니오,엑세라민,피부 건강,한 달에 한 번,nan,,nan,온라인 쇼핑몰,nan,비타민 D,전문가 추천,nan,5,건강에 문제 없어서,4,여자,22
2024-09-16 9:49,예,모름,면역력 강화,주 1회,nan,2,가격,온라인 쇼핑몰,크기를 작게,비타민 D,인터넷 검색,전문가 의견,5,모름,3,여자,49
2024-10-26 5:37,아니오,엑세라민,모름,주 1회,nan,3,성분,백화점,가격 인하,비타민 D,전문가 추천,성분 분석,,모름,,여자,51
2024-06-27 7:09,예,루테인,피부 건강,한 달에 한 번,점심,3,브랜드 신뢰도,백화점,섭취가 편한 제품,nan,인터넷 검색,가격 비교,5,건강에 문제 없어서,,여자,42
2024-12-05 1:25,예,오메가3,피로 회복,nan,저녁,,가격,nan,가격 인하,nan,전문가 추천,성분 분석,1,효과를 믿지 않아서,4,남자,21
2024-12-07 14:47,아니오,비타민D,면역력 강화,주 2~3회,아침,,성분,약국,가격 인하,nan,소셜 미디어,전문가 의견,3,효과를 믿지 않아서,5,남자,26
2024-08-21 11:14,아니오,홍삼,다이어트,매일,아무때나,4,효과,약국,가격 인하,비타민 D,전문가 추천,가격 비교,,비용이 너무 비싸서,3,남자,53
2024-07-19 22:49,예,루테인,면역력 강화,nan,nan,,브랜드 신뢰도,마트,nan,홍삼,nan,가격 비교,1,건강에 문제 없어서,2,남자,51
2024-05-03 3:04,예,비타민D,피로 회복,한 달에 한 번,nan,1,효과,온라인 쇼핑몰,nan,비타민 C,인터넷 검색,사용 후기,,건강에 문제 없어서,5,여자,58
2024-11-14 5:35,아니오,nan,모름,매일,저녁,2,nan,nan,효과 증대,유산균,친구 및 가족,성분 분석,3,nan,3,여자,51
2024-08-21 20:00,예,nan,모름,주 1회,저녁,4,성분,온라인 쇼핑몰,섭취가 편한 제품,비타민 C,nan,성분 분석,,효과를 믿지 않아서,4,남자,62
2024-10-11 6:06,아니오,nan,모름,주 2~3회,점심,1,효과,nan,크기를 작게,비타민 C,인터넷 검색,사용 후기,1,효과를 믿지 않아서,,여자,62
2024-12-26 14:46,아니오,루테인,다이어트,주 1회,점심,3,nan,nan,가격 인하,유산균,인터넷 검색,nan,4,건강에 문제 없어서,4,남자,33
2024-12-13 19:52,아니오,루테인,피부 건강,한 달에 한 번,nan,3,성분,nan,섭취가 편한 제품,비타민 D,친구 및 가족,전문가 의견,3,비용이 너무 비싸서,3,여자,22
2024-06-21 10:51,아니오,홍삼,피부 건강,매일,저녁,4,성분,온라인 쇼핑몰,섭취가 편한 제품,홍삼,소셜 미디어,성분 분석,2,건강에 문제 없어서,4,여자,65
2024-12-11 6:29,예,오메가3,면역력 강화,한 달에 한 번,아침,,효과,백화점,효과 증대,홍삼,nan,사용 후기,3,비용이 너무 비싸서,3,여자,51
2024-02-24 19:18,아니오,엑세라민,다이어트,매일,아무때나,3,성분,온라인 쇼핑몰,크기를 작게,비타민 C,친구 및 가족,가격 비교,3,효과를 믿지 않아서,3,여자,62
2024-05-31 6:16,예,nan,모름,nan,저녁,5,가격,nan,가격 인하,유산균,친구 및 가족,사용 후기,3,nan,4,여자,55
2024-12-27 8:18,아니오,모름,모름,주 2~3회,저녁,4,성분,마트,크기를 작게,프로바이오틱스,소셜 미디어,nan,4,모름,1,여자,36
2024-04-18 12:19,예,오메가3,피로 회복,nan,점심,1,구매 편의성,약국,효과 증대,비타민 D,nan,전문가 의견,1,효과를 믿지 않아서,2,남자,67
2024-08-10 20:56,아니오,모름,피로 회복,nan,아무때나,4,nan,nan,nan,비타민 C,친구 및 가족,nan,2,비용이 너무 비싸서,5,여자,22
2024-04-05 17:25,예,홍삼,모름,한 달에 한 번,nan,2,성분,마트,섭취가 편한 제품,홍삼,소셜 미디어,가격 비교,1,건강에 문제 없어서,,남자,29
2024-10-05 18:34,예,홍삼,모름,주 2~3회,저녁,,구매 편의성,백화점,가격 인하,nan,nan,가격 비교,,효과를 믿지 않아서,2,남자,66
2024-02-22 5:56,아니오,홍삼,다이어트,매일,nan,,성분,nan,nan,nan,전문가 추천,가격 비교,,nan,5,남자,59
2024-05-06 1:13,아니오,비타민D,피부 건강,매일,저녁,4,성분,마트,효과 증대,유산균,인터넷 검색,가격 비교,,비용이 너무 비싸서,5,남자,37
2024-08-15 14:56,아니오,모름,피로 회복,주 1회,nan,3,효과,nan,크기를 작게,유산균,소셜 미디어,사용 후기,1,건강에 문제 없어서,,남자,22
2024-07-27 14:58,아니오,오메가3,피부 건강,매일,아무때나,3,가격,온라인 쇼핑몰,섭취가 편한 제품,비타민 C,인터넷 검색,가격 비교,5,모름,2,남자,58
2024-11-17 12:30,예,오메가3,다이어트,한 달에 한 번,점심,5,nan,마트,가격 인하,프로바이오틱스,전문가 추천,가격 비교,4,비용이 너무 비싸서,,여자,29
2024-01-01 8:46,아니오,루테인,모름,nan,아무때나,5,가격,온라인 쇼핑몰,nan,홍삼,친구 및 가족,사용 후기,5,건강에 문제 없어서,3,여자,28
2024-11-23 8:49,예,루테인,피부 건강,nan,아침,,브랜드 신뢰도,온라인 쇼핑몰,nan,비타민 C,친구 및 가족,가격 비교,,모름,,여자,65
2024-04-20 16:56,예,nan,모름,nan,점심,5,효과,마트,섭취가 편한 제품,프로바이오틱스,nan,nan,4,건강에 문제 없어서,4,남자,65
2024-04-02 10:29,아니오,루테인,모름,주 2~3회,아무때나,1,효과,약국,크기를 작게,유산균,소셜 미디어,nan,1,모름,1,남자,30
2024-08-25 20:28,예,홍삼,면역력 강화,매일,아침,5,가격,마트,효과 증대,nan,소셜 미디어,성분 분석,,모름,1,남자,52
2024-06-14 3:29,예,오메가3,피부 건강,한 달에 한 번,저녁,1,효과,약국,크기를 작게,비타민 D,nan,nan,1,모름,1,여자,55
2024-01-14 3:40,예,모름,피부 건강,주 2~3회,저녁,5,가격,nan,크기를 작게,nan,인터넷 검색,전문가 의견,4,건강에 문제 없어서,2,여자,45
2024-02-28 2:14,예,홍삼,모름,주 1회,nan,,효과,nan,크기를 작게,홍삼,친구 및 가족,전문가 의견,1,모름,2,여자,46
2024-01-03 22:09,아니오,비타민D,다이어트,한 달에 한 번,점심,,성분,마트,섭취가 편한 제품,홍삼,친구 및 가족,전문가 의견,1,비용이 너무 비싸서,3,남자,57
2024-03-25 18:21,아니오,루테인,면역력 강화,한 달에 한 번,저녁,1,가격,nan,섭취가 편한 제품,nan,소셜 미디어,사용 후기,2,nan,1,남자,41
2024-02-05 19:20,아니오,홍삼,모름,한 달에 한 번,점심,4,가격,백화점,효과 증대,nan,소셜 미디어,nan,5,nan,3,남자,45
2024-08-28 9:50,아니오,홍삼,피로 회복,nan,저녁,,구매 편의성,온라인 쇼핑몰,크기를 작게,프로바이오틱스,nan,전문가 의견,5,모름,1,여자,41
2024-10-24 18:32,예,비타민D,피로 회복,한 달에 한 번,nan,4,효과,온라인 쇼핑몰,섭취가 편한 제품,비타민 C,전문가 추천,성분 분석,5,nan,2,남자,24
2024-03-16 15:08,예,엑세라민,면역력 강화,매일,아무때나,3,효과,약국,효과 증대,유산균,인터넷 검색,사용 후기,3,nan,4,남자,54
2024-02-17 11:56,아니오,오메가3,다이어트,한 달에 한 번,nan,1,가격,nan,효과 증대,프로바이오틱스,전문가 추천,성분 분석,2,모름,4,남자,21
2024-05-27 5:48,아니오,모름,모름,nan,아침,,성분,약국,크기를 작게,비타민 D,전문가 추천,nan,,모름,4,남자,54
2024-02-25 4:05,아니오,nan,피부 건강,한 달에 한 번,저녁,2,성분,온라인 쇼핑몰,가격 인하,nan,소셜 미디어,가격 비교,,비용이 너무 비싸서,,여자,28
2024-01-20 8:44,예,엑세라민,면역력 강화,주 1회,아침,3,nan,온라인 쇼핑몰,크기를 작게,비타민 D,소셜 미디어,성분 분석,,효과를 믿지 않아서,4,여자,68
2024-02-13 11:29,아니오,루테인,다이어트,주 1회,아침,4,성분,nan,가격 인하,비타민 D,소셜 미디어,가격 비교,5,건강에 문제 없어서,5,남자,37
2024-09-02 12:36,아니오,홍삼,피부 건강,nan,점심,,효과,백화점,효과 증대,프로바이오틱스,전문가 추천,사용 후기,5,모름,1,남자,62
2024-12-01 18:29,아니오,비타민D,피로 회복,매일,저녁,1,구매 편의성,백화점,섭취가 편한 제품,유산균,인터넷 검색,성분 분석,2,모름,4,여자,31
2024-08-17 2:01,예,비타민D,피로 회복,매일,아침,5,가격,nan,nan,홍삼,소셜 미디어,성분 분석,1,nan,5,여자,22
2024-08-02 2:29,예,오메가3,피부 건강,주 2~3회,아무때나,2,브랜드 신뢰도,nan,효과 증대,비타민 C,친구 및 가족,사용 후기,5,비용이 너무 비싸서,5,남자,37
2024-08-15 23:42,예,엑세라민,면역력 강화,nan,아침,4,구매 편의성,약국,섭취가 편한 제품,홍삼,인터넷 검색,사용 후기,,nan,5,여자,57
2024-12-19 7:23,예,nan,피로 회복,한 달에 한 번,아무때나,3,브랜드 신뢰도,nan,효과 증대,유산균,친구 및 가족,전문가 의견,1,모름,3,여자,26
2024-06-02 2:06,예,오메가3,모름,nan,점심,1,구매 편의성,백화점,크기를 작게,홍삼,인터넷 검색,nan,5,모름,3,남자,52
2024-06-02 19:39,예,홍삼,피부 건강,주 2~3회,아침,2,성분,nan,가격 인하,nan,소셜 미디어,성분 분석,4,nan,5,여자,25
2024-02-07 15:10,예,오메가3,피부 건강,nan,nan,1,효과,약국,효과 증대,nan,nan,성분 분석,3,모름,,여자,37
2024-11-06 22:13,예,모름,피로 회복,nan,점심,,브랜드 신뢰도,약국,섭취가 편한 제품,프로바이오틱스,소셜 미디어,사용 후기,5,효과를 믿지 않아서,4,여자,64
2024-04-02 10:29,아니오,비타민D,면역력 강화,주 2~3회,아무때나,5,구매 편의성,약국,크기를 작게,비타민 D,전문가 추천,사용 후기,4,건강에 문제 없어서,1,여자,41
2024-03-23 13:44,아니오,비타민D,모름,매일,점심,3,효과,약국,nan,유산균,전문가 추천,nan,2,건강에 문제 없어서,,남자,58
2024-02-10 13:20,예,루테인,면역력 강화,한 달에 한 번,아침,1,브랜드 신뢰도,마트,크기를 작게,유산균,인터넷 검색,사용 후기,4,건강에 문제 없어서,2,여자,28
2024-07-04 23:18,예,루테인,다이어트,주 2~3회,저녁,4,가격,nan,가격 인하,홍삼,전문가 추천,가격 비교,2,효과를 믿지 않아서,3,여자,54
2024-06-21 10:51,아니오,nan,다이어트,주 1회,저녁,,구매 편의성,온라인 쇼핑몰,크기를 작게,프로바이오틱스,소셜 미디어,가격 비교,5,모름,4,남자,42
2024-02-05 19:20,예,홍삼,피로 회복,매일,아무때나,,가격,nan,nan,홍삼,친구 및 가족,가격 비교,2,nan,4,여자,31
2024-02-25 12:51,예,모름,피로 회복,주 1회,아무때나,3,성분,마트,섭취가 편한 제품,홍삼,소셜 미디어,가격 비교,4,비용이 너무 비싸서,2,남자,43
2024-11-10 5:08,예,엑세라민,피로 회복,매일,저녁,,가격,약국,효과 증대,유산균,인터넷 검색,nan,3,모름,2,남자,69
2024-11-29 13:53,아니오,오메가3,다이어트,한 달에 한 번,아무때나,4,가격,마트,가격 인하,홍삼,전문가 추천,성분 분석,1,효과를 믿지 않아서,4,여자,59
2024-11-23 0:02,아니오,nan,면역력 강화,한 달에 한 번,점심,1,nan,백화점,nan,비타민 D,친구 및 가족,가격 비교,1,효과를 믿지 않아서,2,여자,28
2024-11-16 10:12,아니오,홍삼,면역력 강화,nan,nan,3,구매 편의성,백화점,가격 인하,홍삼,nan,사용 후기,3,건강에 문제 없어서,4,여자,32
2024-05-03 3:04,아니오,루테인,피로 회복,주 1회,nan,,성분,nan,크기를 작게,비타민 D,친구 및 가족,가격 비교,,모름,,여자,59
2024-09-14 13:58,아니오,오메가3,모름,매일,점심,,가격,nan,가격 인하,유산균,친구 및 가족,nan,1,건강에 문제 없어서,2,여자,61
2024-10-26 23:09,예,루테인,면역력 강화,한 달에 한 번,nan,4,효과,온라인 쇼핑몰,nan,프로바이오틱스,소셜 미디어,사용 후기,5,비용이 너무 비싸서,,남자,36
2024-02-29 4:32,아니오,오메가3,다이어트,주 2~3회,아침,5,브랜드 신뢰도,온라인 쇼핑몰,효과 증대,nan,nan,가격 비교,,건강에 문제 없어서,,여자,26
2024-09-19 16:44,예,엑세라민,피부 건강,한 달에 한 번,점심,5,가격,백화점,효과 증대,비타민 D,인터넷 검색,성분 분석,5,비용이 너무 비싸서,2,남자,36
2024-12-15 6:56,예,홍삼,피부 건강,주 2~3회,아무때나,,성분,약국,가격 인하,프로바이오틱스,인터넷 검색,사용 후기,4,효과를 믿지 않아서,4,여자,69
2024-09-05 10:45,아니오,오메가3,피부 건강,매일,점심,1,가격,마트,섭취가 편한 제품,프로바이오틱스,친구 및 가족,사용 후기,4,건강에 문제 없어서,5,남자,43
2024-12-29 12:55,아니오,모름,모름,한 달에 한 번,저녁,3,브랜드 신뢰도,온라인 쇼핑몰,가격 인하,비타민 D,친구 및 가족,성분 분석,,건강에 문제 없어서,4,여자,21
2024-02-28 11:00,예,nan,피로 회복,한 달에 한 번,아무때나,,성분,온라인 쇼핑몰,크기를 작게,유산균,전문가 추천,사용 후기,,nan,1,여자,54
2024-07-30 13:07,예,비타민D,다이어트,매일,저녁,2,구매 편의성,약국,효과 증대,비타민 C,nan,가격 비교,,효과를 믿지 않아서,2,여자,47
2024-10-19 7:00,예,모름,모름,한 달에 한 번,아무때나,3,성분,약국,효과 증대,프로바이오틱스,친구 및 가족,사용 후기,,nan,3,여자,38
2024-05-25 1:12,아니오,모름,다이어트,주 2~3회,nan,5,구매 편의성,nan,효과 증대,프로바이오틱스,전문가 추천,가격 비교,2,비용이 너무 비싸서,2,여자,52
2024-04-10 20:10,아니오,nan,다이어트,한 달에 한 번,점심,,성분,마트,섭취가 편한 제품,유산균,nan,성분 분석,,비용이 너무 비싸서,1,남자,40
2024-10-24 18:32,아니오,비타민D,피로 회복,주 1회,아침,4,브랜드 신뢰도,약국,섭취가 편한 제품,유산균,인터넷 검색,전문가 의견,,효과를 믿지 않아서,,여자,29
2024-11-30 7:25,아니오,모름,피부 건강,nan,아무때나,2,브랜드 신뢰도,온라인 쇼핑몰,nan,홍삼,전문가 추천,성분 분석,4,비용이 너무 비싸서,3,여자,65
2024-07-02 18:41,아니오,오메가3,피로 회복,주 2~3회,아무때나,,성분,온라인 쇼핑몰,가격 인하,유산균,nan,가격 비교,5,효과를 믿지 않아서,3,여자,64
2024-11-23 0:02,예,오메가3,모름,주 1회,저녁,1,가격,백화점,가격 인하,프로바이오틱스,전문가 추천,nan,4,비용이 너무 비싸서,4,남자,28
2024-05-22 20:35,아니오,오메가3,모름,매일,nan,2,브랜드 신뢰도,약국,크기를 작게,비타민 D,친구 및 가족,성분 분석,1,모름,5,여자,57
2024-02-18 23:00,예,비타민D,모름,주 2~3회,저녁,,구매 편의성,nan,효과 증대,비타민 C,소셜 미디어,nan,2,건강에 문제 없어서,4,남자,25
2024-03-11 21:08,예,모름,피로 회복,nan,저녁,1,구매 편의성,마트,섭취가 편한 제품,홍삼,인터넷 검색,nan,2,모름,3,여자,61
2024-05-26 3:30,예,비타민D,다이어트,nan,nan,2,효과,nan,크기를 작게,비타민 D,친구 및 가족,가격 비교,5,효과를 믿지 않아서,3,남자,54
2024-08-21 11:14,아니오,오메가3,다이어트,매일,아침,1,nan,온라인 쇼핑몰,크기를 작게,비타민 C,친구 및 가족,가격 비교,,효과를 믿지 않아서,5,여자,37
2024-01-12 16:36,아니오,nan,면역력 강화,매일,저녁,1,nan,nan,섭취가 편한 제품,비타민 C,nan,전문가 의견,4,모름,2,여자,38
2024-09-08 0:08,아니오,모름,모름,주 2~3회,저녁,2,nan,온라인 쇼핑몰,가격 인하,비타민 C,전문가 추천,사용 후기,1,건강에 문제 없어서,5,남자,24
2024-06-16 16:51,예,모름,다이어트,한 달에 한 번,아무때나,2,구매 편의성,온라인 쇼핑몰,효과 증대,nan,인터넷 검색,성분 분석,4,건강에 문제 없어서,,여자,44
2024-12-14 13:24,예,루테인,면역력 강화,매일,nan,1,효과,온라인 쇼핑몰,가격 인하,비타민 D,친구 및 가족,가격 비교,,nan,4,남자,30
2024-11-18 6:03,예,루테인,다이어트,한 달에 한 번,점심,5,nan,온라인 쇼핑몰,크기를 작게,홍삼,nan,성분 분석,,비용이 너무 비싸서,2,여자,29
2024-06-20 8:33,예,엑세라민,모름,주 1회,아침,2,nan,온라인 쇼핑몰,효과 증대,홍삼,인터넷 검색,nan,3,nan,4,여자,36
2024-05-16 15:31,예,홍삼,피부 건강,nan,아침,,성분,백화점,nan,비타민 C,전문가 추천,사용 후기,4,건강에 문제 없어서,5,남자,55
2024-01-08 16:08,예,루테인,모름,한 달에 한 번,nan,3,성분,nan,크기를 작게,비타민 D,친구 및 가족,전문가 의견,5,모름,2,여자,45
2024-09-30 15:48,아니오,비타민D,피로 회복,nan,아무때나,4,성분,백화점,가격 인하,nan,친구 및 가족,성분 분석,4,비용이 너무 비싸서,5,남자,50
2024-09-01 10:18,아니오,루테인,다이어트,한 달에 한 번,아무때나,1,가격,백화점,가격 인하,비타민 C,친구 및 가족,사용 후기,2,모름,,남자,51
2024-01-14 12:26,아니오,엑세라민,다이어트,주 1회,nan,1,nan,약국,가격 인하,유산균,인터넷 검색,전문가 의견,1,nan,1,여자,40
2024-03-24 16:02,아니오,모름,피로 회복,매일,아무때나,4,가격,약국,섭취가 편한 제품,홍삼,인터넷 검색,성분 분석,5,효과를 믿지 않아서,3,여자,37
2024-05-12 23:49,예,엑세라민,피로 회복,주 1회,아침,5,효과,약국,크기를 작게,프로바이오틱스,인터넷 검색,사용 후기,3,모름,2,여자,37
2024-07-24 8:02,예,모름,피부 건강,매일,아침,4,구매 편의성,마트,효과 증대,비타민 C,인터넷 검색,가격 비교,1,nan,3,남자,20
2024-06-08 15:57,아니오,nan,다이어트,매일,점심,2,nan,약국,가격 인하,유산균,nan,성분 분석,1,nan,1,남자,33
2024-10-10 3:47,예,nan,다이어트,nan,nan,4,구매 편의성,nan,가격 인하,홍삼,소셜 미디어,사용 후기,2,nan,2,여자,27
2024-04-13 0:47,아니오,모름,피부 건강,주 1회,저녁,1,성분,백화점,섭취가 편한 제품,nan,nan,전문가 의견,2,효과를 믿지 않아서,3,남자,21
2024-01-10 11:59,아니오,홍삼,면역력 강화,한 달에 한 번,저녁,4,nan,nan,효과 증대,비타민 D,친구 및 가족,사용 후기,2,효과를 믿지 않아서,3,남자,34
2024-03-23 4:58,아니오,루테인,피부 건강,주 1회,점심,3,브랜드 신뢰도,약국,크기를 작게,홍삼,nan,가격 비교,5,효과를 믿지 않아서,2,남자,53
2024-04-10 20:10,예,비타민D,모름,nan,점심,,가격,마트,nan,비타민 D,전문가 추천,성분 분석,4,비용이 너무 비싸서,3,남자,55
2024-10-18 4:42,아니오,비타민D,다이어트,매일,아무때나,2,가격,마트,섭취가 편한 제품,비타민 D,인터넷 검색,성분 분석,1,효과를 믿지 않아서,3,여자,20
2024-08-10 3:24,아니오,오메가3,피로 회복,nan,점심,4,nan,백화점,크기를 작게,nan,전문가 추천,성분 분석,4,효과를 믿지 않아서,2,여자,40
2024-04-13 9:33,아니오,모름,모름,주 2~3회,점심,1,성분,nan,nan,nan,전문가 추천,가격 비교,4,효과를 믿지 않아서,3,여자,61
2024-11-16 18:58,예,비타민D,다이어트,주 2~3회,저녁,,가격,온라인 쇼핑몰,가격 인하,비타민 C,친구 및 가족,전문가 의견,2,모름,3,남자,20
2024-12-16 9:14,예,홍삼,피부 건강,한 달에 한 번,아무때나,2,성분,nan,가격 인하,비타민 C,인터넷 검색,성분 분석,4,효과를 믿지 않아서,4,남자,51
2024-06-24 9:00,아니오,모름,모름,nan,점심,1,효과,약국,효과 증대,홍삼,전문가 추천,전문가 의견,1,비용이 너무 비싸서,,남자,39
2024-06-14 3:29,예,홍삼,다이어트,한 달에 한 번,점심,5,구매 편의성,온라인 쇼핑몰,nan,nan,친구 및 가족,사용 후기,1,nan,4,남자,66
2024-10-29 12:32,예,비타민D,면역력 강화,한 달에 한 번,아무때나,3,브랜드 신뢰도,마트,가격 인하,유산균,인터넷 검색,전문가 의견,,모름,1,여자,55
2024-10-24 18:32,예,비타민D,면역력 강화,주 2~3회,nan,5,구매 편의성,백화점,가격 인하,홍삼,소셜 미디어,전문가 의견,3,건강에 문제 없어서,4,남자,58
2024-08-28 9:50,예,오메가3,피로 회복,한 달에 한 번,아무때나,3,구매 편의성,백화점,효과 증대,프로바이오틱스,친구 및 가족,성분 분석,5,효과를 믿지 않아서,4,남자,49
2024-07-07 3:54,예,비타민D,다이어트,주 2~3회,저녁,4,효과,마트,크기를 작게,비타민 D,nan,nan,4,nan,1,여자,26
2024-07-18 11:44,예,모름,면역력 강화,매일,nan,2,가격,약국,가격 인하,비타민 D,인터넷 검색,nan,5,nan,3,여자,41
2024-03-10 18:50,예,nan,피부 건강,nan,아침,4,브랜드 신뢰도,마트,섭취가 편한 제품,비타민 C,전문가 추천,가격 비교,5,모름,3,여자,69
2024-01-18 12:54,예,모름,다이어트,한 달에 한 번,아무때나,3,가격,약국,섭취가 편한 제품,유산균,전문가 추천,가격 비교,5,건강에 문제 없어서,4,남자,64
2024-07-05 16:50,예,모름,피부 건강,주 2~3회,저녁,3,nan,온라인 쇼핑몰,크기를 작게,nan,nan,nan,,비용이 너무 비싸서,1,남자,29
2024-01-06 20:18,예,오메가3,피부 건강,주 1회,nan,3,구매 편의성,마트,nan,nan,nan,사용 후기,5,nan,3,남자,27
2024-03-03 11:27,아니오,오메가3,면역력 강화,한 달에 한 번,아무때나,,nan,약국,효과 증대,비타민 C,전문가 추천,성분 분석,,nan,5,남자,46
2024-03-21 0:21,아니오,비타민D,다이어트,매일,점심,1,성분,온라인 쇼핑몰,섭취가 편한 제품,프로바이오틱스,인터넷 검색,성분 분석,1,nan,2,남자,29
2024-02-27 8:41,예,엑세라민,모름,매일,아무때나,2,구매 편의성,마트,섭취가 편한 제품,홍삼,친구 및 가족,사용 후기,4,nan,2,남자,33
2024-06-22 21:56,아니오,엑세라민,면역력 강화,주 1회,아침,4,가격,백화점,크기를 작게,홍삼,nan,사용 후기,,모름,,여자,65
2024-01-17 10:35,아니오,오메가3,면역력 강화,주 2~3회,아무때나,4,구매 편의성,마트,nan,유산균,nan,nan,3,건강에 문제 없어서,2,남자,30
2024-05-15 21:58,예,비타민D,다이어트,한 달에 한 번,nan,5,성분,nan,nan,비타민 C,nan,가격 비교,5,nan,4,여자,25
2024-07-07 21:27,예,엑세라민,다이어트,주 2~3회,nan,3,효과,마트,크기를 작게,비타민 C,소셜 미디어,사용 후기,3,비용이 너무 비싸서,2,여자,40
2024-02-05 19:20,예,비타민D,피부 건강,매일,아무때나,3,nan,nan,섭취가 편한 제품,프로바이오틱스,인터넷 검색,가격 비교,1,비용이 너무 비싸서,2,여자,52
2024-11-21 12:58,아니오,비타민D,다이어트,주 2~3회,nan,3,nan,온라인 쇼핑몰,효과 증대,홍삼,인터넷 검색,전문가 의견,1,효과를 믿지 않아서,5,남자,38
2024-09-28 19:57,아니오,비타민D,피부 건강,매일,점심,4,가격,마트,섭취가 편한 제품,비타민 C,인터넷 검색,성분 분석,2,nan,3,남자,58
2024-01-14 3:40,예,루테인,면역력 강화,주 2~3회,아무때나,5,구매 편의성,온라인 쇼핑몰,nan,nan,인터넷 검색,nan,5,nan,5,여자,43
2024-04-11 22:29,예,모름,피로 회복,주 1회,점심,1,가격,온라인 쇼핑몰,섭취가 편한 제품,유산균,인터넷 검색,성분 분석,2,nan,4,남자,37
2024-05-07 3:31,예,비타민D,모름,nan,점심,,효과,약국,효과 증대,홍삼,전문가 추천,nan,3,nan,2,남자,54
2024-06-30 5:18,아니오,루테인,면역력 강화,주 1회,저녁,2,구매 편의성,온라인 쇼핑몰,가격 인하,프로바이오틱스,nan,전문가 의견,4,nan,3,여자,62
2024-04-19 23:23,아니오,오메가3,다이어트,주 1회,아무때나,1,구매 편의성,온라인 쇼핑몰,섭취가 편한 제품,유산균,전문가 추천,성분 분석,2,비용이 너무 비싸서,,남자,56
2024-03-06 18:22,아니오,엑세라민,모름,nan,nan,4,가격,마트,크기를 작게,비타민 D,소셜 미디어,전문가 의견,1,건강에 문제 없어서,,남자,38
2024-08-09 9:52,아니오,모름,피로 회복,nan,점심,,가격,마트,가격 인하,nan,친구 및 가족,nan,5,건강에 문제 없어서,2,남자,43
2024-02-05 19:20,예,nan,피로 회복,한 달에 한 번,저녁,,성분,백화점,크기를 작게,프로바이오틱스,nan,사용 후기,3,효과를 믿지 않아서,2,남자,53
2024-09-12 9:22,예,엑세라민,피부 건강,한 달에 한 번,아무때나,,효과,약국,크기를 작게,유산균,소셜 미디어,성분 분석,,비용이 너무 비싸서,,여자,41
2024-12-28 10:37,예,모름,모름,주 1회,아무때나,3,성분,온라인 쇼핑몰,크기를 작게,비타민 C,전문가 추천,전문가 의견,1,nan,,여자,23
2024-02-12 0:24,예,nan,피부 건강,주 1회,아침,2,nan,약국,섭취가 편한 제품,비타민 D,친구 및 가족,성분 분석,,건강에 문제 없어서,4,남자,29
2024-03-10 10:03,아니오,엑세라민,면역력 강화,매일,아침,4,구매 편의성,nan,nan,프로바이오틱스,소셜 미디어,성분 분석,4,모름,2,남자,21
2024-04-02 1:43,아니오,모름,모름,매일,점심,4,가격,온라인 쇼핑몰,가격 인하,비타민 C,친구 및 가족,성분 분석,5,모름,,남자,27
2024-12-24 1:23,예,엑세라민,면역력 강화,한 달에 한 번,아침,,구매 편의성,약국,효과 증대,nan,소셜 미디어,가격 비교,4,모름,1,여자,52
2024-12-04 16:38,예,엑세라민,피부 건강,한 달에 한 번,점심,4,구매 편의성,백화점,nan,비타민 D,전문가 추천,전문가 의견,4,nan,,남자,57
2024-12-24 18:55,아니오,nan,모름,매일,nan,2,브랜드 신뢰도,백화점,섭취가 편한 제품,홍삼,친구 및 가족,전문가 의견,5,nan,3,남자,62
2024-02-28 11:00,예,엑세라민,피부 건강,매일,점심,2,nan,온라인 쇼핑몰,크기를 작게,비타민 C,소셜 미디어,성분 분석,5,효과를 믿지 않아서,3,여자,47
2024-04-03 4:02,아니오,엑세라민,모름,주 2~3회,아침,5,브랜드 신뢰도,nan,효과 증대,유산균,전문가 추천,사용 후기,,효과를 믿지 않아서,1,남자,29
2024-04-27 15:32,예,nan,피부 건강,주 2~3회,nan,5,구매 편의성,백화점,가격 인하,프로바이오틱스,nan,성분 분석,4,효과를 믿지 않아서,4,여자,64
2024-02-16 9:38,예,오메가3,피로 회복,매일,아침,1,가격,백화점,nan,비타민 D,전문가 추천,가격 비교,3,모름,2,남자,20
2024-01-07 5:04,예,비타민D,피부 건강,주 2~3회,점심,2,구매 편의성,nan,nan,비타민 C,전문가 추천,nan,,nan,2,여자,53
2024-10-16 8:51,예,홍삼,피로 회복,nan,저녁,2,nan,약국,효과 증대,홍삼,nan,가격 비교,5,모름,,남자,22
2024-09-25 4:16,예,루테인,피부 건강,한 달에 한 번,아무때나,2,브랜드 신뢰도,백화점,섭취가 편한 제품,프로바이오틱스,전문가 추천,사용 후기,1,효과를 믿지 않아서,3,남자,28
2024-07-25 10:21,예,홍삼,모름,한 달에 한 번,아침,5,가격,마트,가격 인하,프로바이오틱스,nan,성분 분석,,nan,4,여자,24
2024-07-26 21:25,예,홍삼,모름,매일,점심,,구매 편의성,백화점,효과 증대,비타민 C,nan,전문가 의견,2,비용이 너무 비싸서,4,여자,61
2024-04-27 15:32,아니오,모름,모름,주 1회,nan,,효과,약국,크기를 작게,홍삼,nan,성분 분석,3,건강에 문제 없어서,4,여자,29
2024-11-14 5:35,아니오,비타민D,다이어트,매일,아침,4,nan,약국,가격 인하,nan,소셜 미디어,사용 후기,,건강에 문제 없어서,,여자,31
2024-09-07 6:36,아니오,모름,면역력 강화,주 2~3회,아침,,nan,온라인 쇼핑몰,nan,nan,친구 및 가족,전문가 의견,5,효과를 믿지 않아서,2,여자,37
2024-10-16 0:05,아니오,비타민D,모름,주 1회,아무때나,3,효과,마트,효과 증대,비타민 D,소셜 미디어,가격 비교,5,모름,4,남자,40
2024-08-16 8:28,아니오,nan,피로 회복,주 2~3회,점심,5,구매 편의성,약국,nan,비타민 C,nan,nan,3,비용이 너무 비싸서,,여자,40
2024-04-14 20:38,예,nan,모름,nan,저녁,2,nan,nan,nan,비타민 D,친구 및 가족,nan,2,nan,,여자,20
2024-12-10 4:10,예,비타민D,다이어트,주 2~3회,nan,,가격,마트,nan,nan,친구 및 가족,성분 분석,,모름,1,여자,22
2024-11-07 15:45,아니오,엑세라민,피로 회복,nan,점심,5,구매 편의성,마트,섭취가 편한 제품,프로바이오틱스,nan,가격 비교,,효과를 믿지 않아서,5,여자,24
2024-08-29 20:55,예,오메가3,다이어트,nan,nan,,구매 편의성,nan,nan,비타민 D,친구 및 가족,사용 후기,4,모름,4,남자,44
2024-12-17 2:47,아니오,엑세라민,피로 회복,주 2~3회,아침,1,브랜드 신뢰도,백화점,크기를 작게,홍삼,친구 및 가족,nan,1,효과를 믿지 않아서,5,남자,68
2024-08-21 2:28,아니오,오메가3,피부 건강,주 2~3회,아무때나,2,nan,nan,크기를 작게,유산균,소셜 미디어,가격 비교,5,건강에 문제 없어서,2,남자,27
2024-02-26 6:23,예,모름,면역력 강화,nan,아무때나,1,nan,nan,가격 인하,nan,친구 및 가족,성분 분석,,건강에 문제 없어서,,남자,36
2024-06-27 15:55,예,오메가3,면역력 강화,주 1회,저녁,2,효과,백화점,nan,nan,nan,전문가 의견,,모름,4,남자,28
2024-05-20 15:58,예,모름,다이어트,nan,아무때나,5,브랜드 신뢰도,백화점,nan,홍삼,인터넷 검색,성분 분석,,비용이 너무 비싸서,3,여자,51
2024-12-25 21:14,아니오,nan,면역력 강화,한 달에 한 번,아침,4,브랜드 신뢰도,백화점,효과 증대,비타민 D,인터넷 검색,성분 분석,2,nan,2,남자,25
2024-10-13 10:42,예,홍삼,다이어트,nan,저녁,,nan,백화점,섭취가 편한 제품,비타민 C,인터넷 검색,가격 비교,1,효과를 믿지 않아서,1,남자,68
2024-02-07 15:10,아니오,nan,다이어트,주 1회,점심,,구매 편의성,백화점,가격 인하,프로바이오틱스,nan,nan,,nan,1,여자,59
2024-12-05 1:25,아니오,nan,다이어트,한 달에 한 번,아무때나,3,브랜드 신뢰도,nan,nan,유산균,인터넷 검색,가격 비교,3,건강에 문제 없어서,5,여자,40
2024-05-23 5:21,아니오,홍삼,면역력 강화,매일,저녁,1,효과,온라인 쇼핑몰,효과 증대,비타민 C,소셜 미디어,전문가 의견,5,비용이 너무 비싸서,,남자,26
2024-10-22 22:42,예,오메가3,다이어트,매일,아침,,브랜드 신뢰도,온라인 쇼핑몰,섭취가 편한 제품,비타민 C,nan,가격 비교,4,비용이 너무 비싸서,5,남자,26
2024-03-30 12:20,예,오메가3,면역력 강화,주 1회,nan,5,효과,약국,가격 인하,홍삼,nan,사용 후기,3,nan,3,여자,66
2024-03-04 22:32,아니오,모름,다이어트,nan,nan,4,브랜드 신뢰도,온라인 쇼핑몰,가격 인하,비타민 D,nan,성분 분석,5,건강에 문제 없어서,3,남자,58
2024-01-14 21:12,예,엑세라민,모름,주 2~3회,아침,5,효과,온라인 쇼핑몰,nan,nan,친구 및 가족,nan,2,nan,1,여자,46
2024-06-22 21:56,예,모름,다이어트,주 1회,아침,1,브랜드 신뢰도,nan,가격 인하,nan,친구 및 가족,전문가 의견,1,모름,4,여자,27
2024-09-05 19:31,예,엑세라민,피로 회복,한 달에 한 번,nan,3,브랜드 신뢰도,백화점,효과 증대,홍삼,친구 및 가족,성분 분석,1,비용이 너무 비싸서,1,남자,28
2024-10-03 22:43,아니오,nan,다이어트,한 달에 한 번,저녁,,가격,백화점,가격 인하,비타민 D,전문가 추천,가격 비교,5,비용이 너무 비싸서,1,남자,47
2024-07-15 4:49,아니오,홍삼,피부 건강,매일,nan,5,효과,nan,크기를 작게,홍삼,소셜 미디어,사용 후기,3,모름,3,남자,34
2024-11-12 9:45,예,nan,다이어트,한 달에 한 번,아침,2,효과,온라인 쇼핑몰,효과 증대,nan,nan,가격 비교,4,건강에 문제 없어서,5,여자,21
2024-10-25 12:05,아니오,비타민D,피로 회복,주 1회,아무때나,4,효과,nan,섭취가 편한 제품,비타민 C,nan,성분 분석,2,비용이 너무 비싸서,3,여자,26
2024-12-02 3:16,예,오메가3,피로 회복,한 달에 한 번,점심,5,성분,약국,섭취가 편한 제품,프로바이오틱스,친구 및 가족,전문가 의견,5,효과를 믿지 않아서,,남자,66
2024-05-28 16:53,예,엑세라민,면역력 강화,주 1회,아무때나,4,브랜드 신뢰도,백화점,nan,비타민 D,nan,nan,2,효과를 믿지 않아서,3,남자,37
2024-07-10 10:50,예,모름,모름,주 2~3회,아무때나,,효과,마트,nan,유산균,nan,성분 분석,1,건강에 문제 없어서,3,남자,41
2024-10-29 3:46,예,홍삼,다이어트,매일,아침,2,nan,약국,크기를 작게,유산균,인터넷 검색,전문가 의견,,모름,1,여자,69
2024-07-03 12:13,아니오,엑세라민,면역력 강화,한 달에 한 번,nan,3,성분,약국,섭취가 편한 제품,비타민 C,nan,성분 분석,,nan,4,여자,29
2024-11-25 13:25,아니오,모름,모름,주 1회,저녁,3,가격,nan,섭취가 편한 제품,홍삼,전문가 추천,사용 후기,4,건강에 문제 없어서,1,여자,69
2024-10-28 1:27,아니오,오메가3,다이어트,nan,아무때나,2,효과,온라인 쇼핑몰,섭취가 편한 제품,홍삼,친구 및 가족,가격 비교,2,nan,2,남자,52
2024-01-13 18:54,예,nan,피부 건강,매일,nan,4,효과,백화점,섭취가 편한 제품,nan,소셜 미디어,nan,5,건강에 문제 없어서,3,여자,26
2024-09-06 21:50,예,오메가3,다이어트,주 2~3회,저녁,,성분,마트,가격 인하,비타민 C,소셜 미디어,전문가 의견,4,효과를 믿지 않아서,3,여자,22
2024-01-07 22:36,예,루테인,피로 회복,주 1회,아무때나,5,브랜드 신뢰도,약국,효과 증대,nan,인터넷 검색,nan,3,모름,2,남자,33
2024-04-26 22:00,아니오,비타민D,피로 회복,주 2~3회,저녁,2,nan,마트,효과 증대,nan,소셜 미디어,nan,,효과를 믿지 않아서,3,여자,63
2024-10-10 3:47,예,루테인,피부 건강,주 2~3회,nan,1,가격,온라인 쇼핑몰,크기를 작게,유산균,소셜 미디어,nan,5,모름,3,남자,65
2024-07-05 16:50,아니오,홍삼,면역력 강화,한 달에 한 번,점심,4,효과,온라인 쇼핑몰,가격 인하,nan,친구 및 가족,전문가 의견,2,nan,,여자,55
2024-05-25 18:44,아니오,엑세라민,모름,한 달에 한 번,nan,3,브랜드 신뢰도,마트,섭취가 편한 제품,nan,친구 및 가족,전문가 의견,4,건강에 문제 없어서,3,남자,32
2024-08-26 14:00,아니오,홍삼,다이어트,주 1회,아침,2,nan,백화점,섭취가 편한 제품,유산균,전문가 추천,nan,5,비용이 너무 비싸서,2,남자,35
2024-12-20 18:28,아니오,nan,피로 회복,nan,저녁,3,nan,온라인 쇼핑몰,nan,홍삼,인터넷 검색,가격 비교,4,비용이 너무 비싸서,1,여자,35
2024-11-18 6:03,아니오,모름,면역력 강화,주 1회,점심,4,가격,마트,nan,비타민 D,소셜 미디어,성분 분석,4,모름,3,남자,24
2024-06-20 17:19,아니오,오메가3,피부 건강,nan,저녁,3,구매 편의성,약국,크기를 작게,프로바이오틱스,전문가 추천,nan,4,모름,4,여자,44
2024-02-21 21:09,예,루테인,피로 회복,주 2~3회,저녁,2,nan,마트,섭취가 편한 제품,nan,인터넷 검색,사용 후기,2,효과를 믿지 않아서,2,남자,57
2024-02-03 5:57,예,루테인,피부 건강,매일,아무때나,4,구매 편의성,마트,크기를 작게,비타민 D,소셜 미디어,nan,5,비용이 너무 비싸서,5,남자,57
2024-05-08 23:22,아니오,nan,다이어트,주 1회,아침,1,nan,nan,가격 인하,유산균,소셜 미디어,전문가 의견,1,효과를 믿지 않아서,,남자,69
2024-10-31 8:23,아니오,루테인,모름,주 1회,저녁,2,가격,온라인 쇼핑몰,효과 증대,비타민 D,친구 및 가족,성분 분석,1,nan,2,여자,57
2024-10-18 22:14,예,nan,피로 회복,nan,nan,5,성분,백화점,섭취가 편한 제품,프로바이오틱스,nan,사용 후기,2,비용이 너무 비싸서,1,남자,58
2024-09-22 6:07,아니오,홍삼,피로 회복,주 2~3회,nan,,가격,백화점,가격 인하,비타민 D,인터넷 검색,성분 분석,2,nan,2,남자,67
2024-12-16 0:28,아니오,오메가3,다이어트,주 2~3회,아무때나,2,가격,nan,섭취가 편한 제품,비타민 D,소셜 미디어,성분 분석,,건강에 문제 없어서,5,여자,60
2024-11-07 15:45,예,엑세라민,면역력 강화,nan,아침,4,성분,백화점,nan,비타민 D,인터넷 검색,사용 후기,4,효과를 믿지 않아서,,남자,45
2024-01-19 6:26,아니오,모름,모름,주 2~3회,아침,,성분,마트,크기를 작게,비타민 D,전문가 추천,nan,5,모름,4,남자,32
2024-08-30 14:27,아니오,엑세라민,피로 회복,한 달에 한 번,nan,2,브랜드 신뢰도,nan,nan,비타민 C,전문가 추천,nan,5,비용이 너무 비싸서,5,남자,63
2024-09-11 15:49,아니오,홍삼,모름,매일,점심,1,nan,약국,효과 증대,nan,nan,nan,3,효과를 믿지 않아서,2,남자,45
2024-07-28 17:16,예,모름,피로 회복,주 1회,아무때나,1,브랜드 신뢰도,온라인 쇼핑몰,nan,유산균,소셜 미디어,가격 비교,3,모름,5,여자,20
2024-03-10 1:17,예,루테인,모름,매일,아무때나,5,성분,온라인 쇼핑몰,섭취가 편한 제품,프로바이오틱스,친구 및 가족,nan,1,건강에 문제 없어서,2,남자,27
2024-02-15 7:19,예,비타민D,피부 건강,주 1회,nan,3,구매 편의성,온라인 쇼핑몰,nan,유산균,소셜 미디어,사용 후기,3,비용이 너무 비싸서,4,남자,23
2024-02-24 10:32,아니오,홍삼,피로 회복,한 달에 한 번,nan,,구매 편의성,마트,섭취가 편한 제품,비타민 C,인터넷 검색,가격 비교,3,nan,4,여자,40
2024-04-24 8:37,아니오,홍삼,모름,주 2~3회,점심,4,가격,약국,효과 증대,비타민 C,전문가 추천,nan,1,건강에 문제 없어서,1,남자,41
2024-07-26 21:25,예,오메가3,면역력 강화,nan,점심,4,효과,nan,nan,비타민 C,인터넷 검색,가격 비교,,모름,4,남자,56
2024-05-04 14:09,아니오,엑세라민,피부 건강,한 달에 한 번,아침,3,가격,nan,크기를 작게,nan,nan,사용 후기,1,비용이 너무 비싸서,3,여자,68
2024-04-21 1:42,아니오,홍삼,피부 건강,매일,아무때나,1,가격,온라인 쇼핑몰,크기를 작게,비타민 C,전문가 추천,nan,3,비용이 너무 비싸서,5,여자,22
2024-09-09 11:13,아니오,홍삼,면역력 강화,nan,아무때나,1,효과,약국,크기를 작게,비타민 D,친구 및 가족,전문가 의견,5,건강에 문제 없어서,5,여자,38
2024-09-05 19:31,아니오,루테인,모름,주 2~3회,nan,2,nan,약국,nan,유산균,전문가 추천,사용 후기,3,비용이 너무 비싸서,2,여자,20
2024-11-01 19:27,아니오,루테인,다이어트,한 달에 한 번,아침,5,성분,약국,nan,홍삼,소셜 미디어,성분 분석,4,모름,4,남자,48
2024-10-12 17:10,예,모름,면역력 강화,nan,아무때나,,구매 편의성,백화점,nan,프로바이오틱스,소셜 미디어,성분 분석,4,건강에 문제 없어서,1,여자,42
2024-01-20 8:44,아니오,nan,모름,한 달에 한 번,아침,5,가격,백화점,섭취가 편한 제품,비타민 C,전문가 추천,사용 후기,4,nan,1,남자,52
2024-06-10 20:33,예,nan,면역력 강화,한 달에 한 번,아침,5,효과,온라인 쇼핑몰,효과 증대,유산균,nan,성분 분석,,건강에 문제 없어서,1,여자,60
2024-08-11 14:29,아니오,비타민D,면역력 강화,주 2~3회,nan,2,브랜드 신뢰도,약국,크기를 작게,비타민 C,소셜 미디어,사용 후기,2,건강에 문제 없어서,,남자,42
2024-12-28 10:37,예,nan,피로 회복,주 1회,아침,5,가격,약국,섭취가 편한 제품,nan,소셜 미디어,전문가 의견,4,nan,3,여자,24
2024-04-06 2:11,아니오,오메가3,모름,nan,점심,3,구매 편의성,nan,크기를 작게,비타민 C,친구 및 가족,사용 후기,5,모름,4,여자,26
2024-01-19 23:58,예,비타민D,다이어트,주 2~3회,점심,2,성분,nan,섭취가 편한 제품,비타민 C,전문가 추천,nan,,효과를 믿지 않아서,1,남자,25
2024-07-27 14:58,아니오,모름,피로 회복,한 달에 한 번,저녁,3,가격,온라인 쇼핑몰,nan,비타민 C,소셜 미디어,nan,2,효과를 믿지 않아서,3,여자,68
2024-08-14 3:52,예,루테인,면역력 강화,주 2~3회,nan,2,가격,약국,크기를 작게,비타민 C,nan,가격 비교,2,nan,5,여자,41
2024-01-02 11:04,아니오,nan,면역력 강화,주 1회,저녁,5,nan,온라인 쇼핑몰,nan,프로바이오틱스,인터넷 검색,성분 분석,4,모름,2,여자,68
2024-02-07 6:24,예,엑세라민,면역력 강화,nan,점심,3,효과,nan,크기를 작게,유산균,전문가 추천,성분 분석,3,비용이 너무 비싸서,4,남자,32
2024-03-12 5:54,아니오,루테인,모름,주 1회,저녁,3,브랜드 신뢰도,nan,가격 인하,nan,친구 및 가족,사용 후기,1,nan,4,여자,31
2024-10-09 10:15,예,오메가3,모름,매일,nan,3,브랜드 신뢰도,백화점,섭취가 편한 제품,비타민 C,소셜 미디어,성분 분석,3,효과를 믿지 않아서,,여자,23
2024-11-16 1:26,예,루테인,피로 회복,nan,nan,2,성분,온라인 쇼핑몰,가격 인하,비타민 C,nan,nan,3,모름,5,남자,27
2024-12-28 1:50,아니오,오메가3,다이어트,주 1회,아침,4,구매 편의성,온라인 쇼핑몰,섭취가 편한 제품,비타민 C,전문가 추천,전문가 의견,2,건강에 문제 없어서,4,남자,56
2024-11-18 14:49,아니오,오메가3,피로 회복,한 달에 한 번,아무때나,5,성분,약국,효과 증대,비타민 C,nan,사용 후기,2,모름,,여자,50
2024-05-07 12:18,예,오메가3,피부 건강,nan,아침,3,가격,약국,크기를 작게,비타민 D,nan,성분 분석,,모름,,남자,56
2024-01-17 19:21,아니오,모름,면역력 강화,nan,nan,,가격,백화점,효과 증대,비타민 D,친구 및 가족,nan,,효과를 믿지 않아서,,남자,64
2024-11-12 9:45,예,오메가3,면역력 강화,주 2~3회,점심,4,브랜드 신뢰도,마트,효과 증대,홍삼,전문가 추천,가격 비교,2,효과를 믿지 않아서,4,남자,45
2024-10-27 7:55,예,오메가3,면역력 강화,한 달에 한 번,점심,,구매 편의성,마트,섭취가 편한 제품,비타민 C,소셜 미디어,성분 분석,5,비용이 너무 비싸서,4,여자,62
2024-12-07 14:47,예,엑세라민,피로 회복,매일,아침,5,효과,마트,가격 인하,홍삼,친구 및 가족,전문가 의견,5,비용이 너무 비싸서,4,여자,27
2024-10-26 5:37,아니오,비타민D,피로 회복,주 1회,nan,5,구매 편의성,온라인 쇼핑몰,nan,프로바이오틱스,소셜 미디어,전문가 의견,1,nan,3,남자,59
2024-08-27 7:32,예,홍삼,면역력 강화,주 2~3회,점심,3,가격,온라인 쇼핑몰,섭취가 편한 제품,홍삼,인터넷 검색,성분 분석,2,건강에 문제 없어서,,여자,52
2024-04-07 22:01,예,비타민D,피로 회복,주 1회,nan,3,효과,nan,nan,유산균,nan,성분 분석,4,비용이 너무 비싸서,3,남자,64
2024-05-14 19:40,아니오,오메가3,모름,매일,점심,2,구매 편의성,온라인 쇼핑몰,효과 증대,비타민 D,인터넷 검색,nan,,효과를 믿지 않아서,2,여자,48
2024-08-20 0:10,아니오,엑세라민,모름,매일,nan,4,구매 편의성,온라인 쇼핑몰,nan,비타민 D,nan,성분 분석,2,모름,4,남자,24
2024-02-08 8:43,아니오,루테인,피로 회복,nan,저녁,4,효과,온라인 쇼핑몰,가격 인하,비타민 C,친구 및 가족,가격 비교,5,nan,5,여자,47
2024-09-01 10:18,아니오,엑세라민,면역력 강화,매일,nan,3,가격,백화점,섭취가 편한 제품,비타민 C,소셜 미디어,nan,2,비용이 너무 비싸서,1,남자,59
2024-08-28 9:50,예,오메가3,피로 회복,주 1회,nan,5,구매 편의성,온라인 쇼핑몰,가격 인하,프로바이오틱스,소셜 미디어,사용 후기,5,모름,2,여자,36
2024-08-27 16:18,예,엑세라민,피로 회복,한 달에 한 번,아침,3,효과,약국,가격 인하,nan,친구 및 가족,가격 비교,2,모름,1,여자,42
2024-02-13 11:29,예,nan,피로 회복,한 달에 한 번,저녁,5,nan,약국,섭취가 편한 제품,프로바이오틱스,전문가 추천,nan,4,비용이 너무 비싸서,1,남자,64
2024-10-30 6:04,예,엑세라민,피부 건강,nan,아무때나,5,nan,nan,가격 인하,유산균,인터넷 검색,nan,1,건강에 문제 없어서,4,여자,28
2024-10-14 4:15,아니오,오메가3,모름,주 1회,아침,3,가격,백화점,크기를 작게,비타민 C,인터넷 검색,전문가 의견,4,건강에 문제 없어서,5,여자,21
2024-08-08 7:34,예,모름,다이어트,주 1회,아무때나,1,효과,약국,크기를 작게,비타민 C,소셜 미디어,nan,5,nan,1,여자,51
2024-01-21 19:49,예,nan,다이어트,매일,점심,4,nan,백화점,크기를 작게,프로바이오틱스,소셜 미디어,가격 비교,,건강에 문제 없어서,,여자,68
2024-12-13 2:19,아니오,엑세라민,피부 건강,주 1회,아무때나,,효과,백화점,nan,프로바이오틱스,소셜 미디어,성분 분석,,nan,1,여자,50
2024-05-06 1:13,예,홍삼,피로 회복,주 2~3회,nan,5,구매 편의성,nan,가격 인하,프로바이오틱스,친구 및 가족,가격 비교,3,효과를 믿지 않아서,2,여자,26
2024-09-27 8:53,예,홍삼,피부 건강,매일,아무때나,5,가격,백화점,섭취가 편한 제품,비타민 D,전문가 추천,사용 후기,4,비용이 너무 비싸서,5,여자,49
2024-06-21 19:37,예,엑세라민,피부 건강,주 2~3회,아침,1,nan,온라인 쇼핑몰,섭취가 편한 제품,홍삼,인터넷 검색,nan,2,모름,5,여자,22
2024-02-12 9:10,예,모름,면역력 강화,nan,아침,,구매 편의성,백화점,nan,홍삼,nan,nan,1,nan,1,남자,28
2024-10-29 21:18,예,루테인,모름,한 달에 한 번,아무때나,2,성분,nan,섭취가 편한 제품,비타민 C,친구 및 가족,nan,2,건강에 문제 없어서,5,여자,29
2024-10-15 15:19,예,오메가3,다이어트,nan,아침,1,성분,nan,크기를 작게,비타민 D,인터넷 검색,nan,2,nan,2,남자,65
2024-02-16 0:51,아니오,홍삼,피로 회복,한 달에 한 번,아침,,가격,nan,가격 인하,프로바이오틱스,전문가 추천,전문가 의견,4,nan,2,여자,69
2024-05-23 5:21,아니오,루테인,다이어트,nan,아무때나,1,nan,약국,섭취가 편한 제품,비타민 C,친구 및 가족,전문가 의견,1,건강에 문제 없어서,2,남자,66
2024-11-27 9:16,예,엑세라민,다이어트,주 1회,저녁,5,nan,온라인 쇼핑몰,섭취가 편한 제품,비타민 D,인터넷 검색,성분 분석,3,건강에 문제 없어서,,여자,45
2024-08-21 20:00,예,루테인,모름,주 2~3회,저녁,4,nan,약국,효과 증대,유산균,친구 및 가족,nan,2,비용이 너무 비싸서,4,남자,20
2024-01-21 19:49,아니오,nan,다이어트,한 달에 한 번,점심,1,효과,마트,효과 증대,nan,인터넷 검색,사용 후기,1,모름,1,남자,49
2024-08-19 6:37,예,비타민D,다이어트,매일,아침,2,구매 편의성,온라인 쇼핑몰,효과 증대,비타민 D,인터넷 검색,성분 분석,3,비용이 너무 비싸서,5,여자,57
2024-07-06 1:36,예,홍삼,피부 건강,주 2~3회,아무때나,3,nan,백화점,가격 인하,비타민 C,전문가 추천,nan,2,비용이 너무 비싸서,2,남자,34
2024-10-01 0:34,예,엑세라민,모름,매일,아침,,구매 편의성,nan,크기를 작게,홍삼,nan,전문가 의견,1,건강에 문제 없어서,1,여자,44
2024-10-19 15:47,아니오,오메가3,면역력 강화,주 2~3회,nan,1,가격,마트,크기를 작게,프로바이오틱스,전문가 추천,사용 후기,4,건강에 문제 없어서,1,여자,25
2024-02-04 17:01,예,모름,피로 회복,주 2~3회,아침,1,nan,온라인 쇼핑몰,크기를 작게,nan,인터넷 검색,성분 분석,,모름,4,남자,37
2024-08-20 17:42,아니오,nan,다이어트,nan,아침,2,가격,약국,가격 인하,유산균,친구 및 가족,사용 후기,,nan,,여자,20
2024-02-12 17:56,예,엑세라민,피로 회복,한 달에 한 번,저녁,4,nan,nan,가격 인하,nan,전문가 추천,nan,2,비용이 너무 비싸서,5,남자,22
2024-07-23 5:44,아니오,오메가3,면역력 강화,한 달에 한 번,아무때나,1,성분,약국,효과 증대,nan,nan,가격 비교,2,모름,,남자,36
2024-08-07 5:15,아니오,모름,피로 회복,주 2~3회,아침,1,브랜드 신뢰도,온라인 쇼핑몰,섭취가 편한 제품,비타민 D,인터넷 검색,사용 후기,1,비용이 너무 비싸서,5,여자,67
2024-06-26 22:23,예,모름,면역력 강화,주 1회,저녁,4,가격,온라인 쇼핑몰,nan,비타민 C,전문가 추천,사용 후기,,nan,2,여자,27
2024-03-27 5:25,아니오,엑세라민,피부 건강,주 1회,점심,2,nan,마트,nan,비타민 C,전문가 추천,전문가 의견,2,비용이 너무 비싸서,2,여자,68
2024-11-18 23:35,예,nan,다이어트,매일,저녁,,브랜드 신뢰도,백화점,섭취가 편한 제품,nan,전문가 추천,nan,3,효과를 믿지 않아서,1,여자,59
2024-11-23 8:49,아니오,루테인,면역력 강화,매일,저녁,,가격,약국,효과 증대,프로바이오틱스,전문가 추천,사용 후기,2,모름,5,여자,36
2024-04-09 0:20,예,루테인,피로 회복,nan,저녁,1,효과,마트,섭취가 편한 제품,비타민 C,친구 및 가족,nan,,건강에 문제 없어서,5,남자,44
2024-03-09 16:31,예,모름,다이어트,주 2~3회,아침,4,nan,nan,섭취가 편한 제품,nan,nan,전문가 의견,5,비용이 너무 비싸서,,남자,60
2024-12-30 15:13,아니오,루테인,피부 건강,매일,아침,1,효과,백화점,nan,비타민 C,nan,nan,,모름,2,여자,31
2024-09-13 20:26,예,비타민D,다이어트,매일,점심,3,성분,마트,효과 증대,프로바이오틱스,인터넷 검색,전문가 의견,3,모름,3,여자,48
2024-06-11 22:52,예,모름,면역력 강화,주 2~3회,nan,,nan,약국,가격 인하,유산균,소셜 미디어,전문가 의견,1,비용이 너무 비싸서,1,여자,44
2024-07-30 21:53,아니오,모름,피부 건강,nan,nan,5,성분,온라인 쇼핑몰,nan,nan,친구 및 가족,성분 분석,3,건강에 문제 없어서,5,남자,55
2024-10-15 6:33,예,오메가3,피로 회복,매일,nan,3,브랜드 신뢰도,nan,가격 인하,홍삼,인터넷 검색,nan,5,건강에 문제 없어서,4,남자,44
2024-11-10 5:08,예,루테인,피부 건강,nan,점심,1,가격,약국,효과 증대,홍삼,인터넷 검색,가격 비교,5,비용이 너무 비싸서,4,남자,48
2024-03-30 21:07,아니오,nan,피부 건강,한 달에 한 번,nan,2,구매 편의성,백화점,섭취가 편한 제품,nan,전문가 추천,성분 분석,2,모름,3,여자,30
2024-12-17 11:33,아니오,모름,모름,nan,nan,,성분,백화점,크기를 작게,비타민 D,소셜 미디어,전문가 의견,2,건강에 문제 없어서,2,여자,23
2024-01-28 9:39,예,nan,피부 건강,주 1회,저녁,5,구매 편의성,온라인 쇼핑몰,크기를 작게,유산균,소셜 미디어,가격 비교,,비용이 너무 비싸서,2,남자,33
2024-02-25 21:37,예,비타민D,피부 건강,주 1회,아침,3,구매 편의성,온라인 쇼핑몰,효과 증대,비타민 D,친구 및 가족,사용 후기,4,비용이 너무 비싸서,2,여자,65
2024-08-27 7:32,아니오,오메가3,다이어트,nan,아침,,가격,nan,크기를 작게,홍삼,소셜 미디어,사용 후기,3,비용이 너무 비싸서,,여자,57
2024-06-07 13:38,아니오,엑세라민,피로 회복,주 1회,저녁,4,브랜드 신뢰도,nan,가격 인하,프로바이오틱스,인터넷 검색,성분 분석,,모름,4,남자,36
2024-12-29 21:41,예,nan,다이어트,한 달에 한 번,저녁,2,가격,온라인 쇼핑몰,크기를 작게,nan,소셜 미디어,가격 비교,4,건강에 문제 없어서,2,남자,21
2024-02-01 1:20,아니오,모름,다이어트,주 2~3회,저녁,3,nan,온라인 쇼핑몰,효과 증대,비타민 C,소셜 미디어,nan,,모름,4,여자,27
2024-09-11 7:03,예,비타민D,면역력 강화,주 1회,아침,4,성분,백화점,효과 증대,홍삼,nan,가격 비교,5,효과를 믿지 않아서,3,남자,55
2024-04-13 18:19,예,홍삼,다이어트,주 1회,nan,1,구매 편의성,온라인 쇼핑몰,가격 인하,유산균,인터넷 검색,성분 분석,2,건강에 문제 없어서,1,여자,29
2024-12-21 12:00,예,비타민D,모름,nan,저녁,4,가격,마트,크기를 작게,홍삼,소셜 미디어,nan,2,모름,,남자,26
2024-03-21 0:21,예,비타민D,모름,한 달에 한 번,점심,3,가격,약국,크기를 작게,유산균,소셜 미디어,nan,,건강에 문제 없어서,5,남자,55
2024-01-25 20:16,예,오메가3,면역력 강화,주 2~3회,저녁,3,가격,온라인 쇼핑몰,섭취가 편한 제품,유산균,전문가 추천,사용 후기,2,효과를 믿지 않아서,3,여자,35
2024-01-17 19:21,아니오,엑세라민,피로 회복,nan,아무때나,1,성분,nan,nan,nan,소셜 미디어,가격 비교,1,nan,4,여자,33
2024-02-03 23:29,아니오,홍삼,피로 회복,nan,저녁,4,브랜드 신뢰도,마트,효과 증대,유산균,소셜 미디어,nan,,비용이 너무 비싸서,3,남자,35
2024-09-30 15:48,아니오,루테인,다이어트,한 달에 한 번,아침,4,가격,nan,섭취가 편한 제품,비타민 D,nan,성분 분석,5,모름,5,여자,44
2024-12-15 15:42,아니오,루테인,다이어트,주 2~3회,저녁,1,성분,마트,효과 증대,프로바이오틱스,인터넷 검색,사용 후기,,효과를 믿지 않아서,,남자,60
2024-06-14 3:29,예,nan,다이어트,한 달에 한 번,아무때나,4,구매 편의성,온라인 쇼핑몰,섭취가 편한 제품,홍삼,친구 및 가족,nan,,효과를 믿지 않아서,1,여자,23
2024-03-15 4:03,예,비타민D,피로 회복,주 2~3회,점심,,nan,약국,nan,프로바이오틱스,인터넷 검색,가격 비교,2,건강에 문제 없어서,5,남자,48
2024-11-28 20:20,예,오메가3,피부 건강,한 달에 한 번,nan,1,효과,nan,섭취가 편한 제품,비타민 C,전문가 추천,사용 후기,5,건강에 문제 없어서,,남자,25
2024-03-20 6:49,예,오메가3,모름,nan,저녁,2,성분,마트,효과 증대,홍삼,인터넷 검색,가격 비교,,비용이 너무 비싸서,4,남자,20
2024-06-21 19:37,아니오,루테인,피부 건강,nan,아무때나,3,효과,백화점,크기를 작게,프로바이오틱스,소셜 미디어,가격 비교,2,건강에 문제 없어서,5,여자,58
2024-06-06 11:20,예,nan,피부 건강,매일,아무때나,2,가격,온라인 쇼핑몰,효과 증대,프로바이오틱스,전문가 추천,가격 비교,3,모름,3,남자,20
2024-05-04 5:22,예,nan,피로 회복,주 1회,점심,,가격,약국,가격 인하,nan,인터넷 검색,사용 후기,5,모름,2,남자,59
2024-07-19 22:49,아니오,nan,피부 건강,한 달에 한 번,아침,,성분,온라인 쇼핑몰,가격 인하,nan,전문가 추천,nan,4,모름,3,남자,22
2024-08-11 5:43,아니오,홍삼,면역력 강화,매일,저녁,5,효과,백화점,가격 인하,비타민 C,친구 및 가족,전문가 의견,1,nan,4,남자,20
2024-04-15 5:24,아니오,엑세라민,다이어트,주 1회,아무때나,5,가격,약국,가격 인하,유산균,인터넷 검색,nan,4,모름,1,여자,20
2024-04-02 10:29,아니오,홍삼,면역력 강화,한 달에 한 번,점심,5,구매 편의성,백화점,nan,홍삼,소셜 미디어,사용 후기,5,건강에 문제 없어서,5,여자,58
2024-09-24 19:30,예,모름,모름,주 2~3회,nan,1,브랜드 신뢰도,온라인 쇼핑몰,크기를 작게,nan,전문가 추천,전문가 의견,,건강에 문제 없어서,1,남자,40
2024-05-10 1:40,예,모름,다이어트,주 1회,아무때나,4,브랜드 신뢰도,마트,크기를 작게,홍삼,nan,전문가 의견,2,모름,4,남자,64
2024-01-09 0:54,아니오,엑세라민,피부 건강,nan,점심,,가격,온라인 쇼핑몰,효과 증대,비타민 C,전문가 추천,전문가 의견,5,효과를 믿지 않아서,5,여자,49
2024-10-05 1:01,예,루테인,모름,매일,아침,2,효과,온라인 쇼핑몰,섭취가 편한 제품,nan,nan,성분 분석,1,효과를 믿지 않아서,,남자,51
2024-07-09 8:31,예,엑세라민,다이어트,주 1회,아침,2,nan,온라인 쇼핑몰,효과 증대,nan,소셜 미디어,사용 후기,5,효과를 믿지 않아서,,여자,52
2024-10-03 13:57,예,오메가3,피부 건강,주 1회,아무때나,2,가격,nan,효과 증대,유산균,친구 및 가족,성분 분석,2,비용이 너무 비싸서,3,남자,67
2024-11-01 10:41,아니오,모름,면역력 강화,nan,아무때나,2,nan,백화점,효과 증대,홍삼,nan,전문가 의견,4,nan,3,여자,41
2024-02-06 4:06,예,비타민D,다이어트,한 달에 한 번,저녁,5,nan,백화점,효과 증대,홍삼,친구 및 가족,성분 분석,3,모름,4,남자,49
2024-10-19 15:47,아니오,비타민D,피부 건강,주 2~3회,점심,2,효과,백화점,크기를 작게,홍삼,전문가 추천,성분 분석,4,비용이 너무 비싸서,,여자,65
2024-03-06 9:36,예,루테인,면역력 강화,nan,아무때나,4,nan,nan,섭취가 편한 제품,유산균,소셜 미디어,사용 후기,2,효과를 믿지 않아서,5,여자,23
2024-03-22 2:40,예,오메가3,모름,주 2~3회,저녁,5,구매 편의성,마트,효과 증대,nan,nan,가격 비교,2,모름,,여자,42
2024-11-26 15:44,예,홍삼,모름,한 달에 한 번,저녁,2,효과,온라인 쇼핑몰,크기를 작게,비타민 C,전문가 추천,성분 분석,1,비용이 너무 비싸서,3,남자,63
2024-10-05 1:01,아니오,오메가3,모름,주 1회,아무때나,1,가격,마트,효과 증대,홍삼,인터넷 검색,성분 분석,5,건강에 문제 없어서,4,여자,44
2024-08-28 9:50,예,비타민D,모름,주 2~3회,아침,3,구매 편의성,nan,가격 인하,프로바이오틱스,전문가 추천,전문가 의견,5,효과를 믿지 않아서,,여자,31
2024-06-10 3:01,아니오,비타민D,피로 회복,매일,점심,3,성분,백화점,효과 증대,유산균,친구 및 가족,전문가 의견,4,비용이 너무 비싸서,4,남자,36
2024-08-09 18:38,아니오,모름,다이어트,매일,점심,3,브랜드 신뢰도,온라인 쇼핑몰,효과 증대,비타민 D,소셜 미디어,전문가 의견,3,건강에 문제 없어서,,남자,34
2024-10-07 14:24,아니오,오메가3,다이어트,nan,아침,5,가격,약국,nan,비타민 C,소셜 미디어,nan,3,효과를 믿지 않아서,1,남자,29
2024-04-28 9:04,예,오메가3,피로 회복,한 달에 한 번,아무때나,2,가격,약국,가격 인하,프로바이오틱스,전문가 추천,성분 분석,1,nan,,남자,54
2024-07-07 3:54,예,비타민D,피부 건강,nan,점심,,가격,마트,섭취가 편한 제품,홍삼,인터넷 검색,전문가 의견,2,효과를 믿지 않아서,3,여자,48
2024-01-06 11:31,예,홍삼,피부 건강,nan,아무때나,,구매 편의성,백화점,효과 증대,비타민 D,친구 및 가족,사용 후기,1,nan,5,남자,31
2024-10-16 0:05,예,루테인,모름,nan,아무때나,,성분,약국,섭취가 편한 제품,비타민 C,전문가 추천,nan,5,nan,3,남자,20
2024-05-02 9:32,아니오,nan,면역력 강화,매일,저녁,5,효과,마트,가격 인하,유산균,전문가 추천,가격 비교,,nan,3,남자,20
2024-10-03 22:43,아니오,루테인,피부 건강,매일,아침,4,성분,nan,효과 증대,비타민 D,소셜 미디어,성분 분석,,모름,3,남자,29
2024-04-03 21:34,아니오,오메가3,면역력 강화,nan,아무때나,1,구매 편의성,마트,nan,nan,친구 및 가족,성분 분석,,모름,4,남자,37
2024-06-30 5:18,예,루테인,다이어트,매일,nan,1,가격,마트,크기를 작게,비타민 D,인터넷 검색,사용 후기,2,nan,2,남자,66
2024-12-26 14:46,아니오,비타민D,면역력 강화,한 달에 한 번,아침,3,브랜드 신뢰도,마트,nan,프로바이오틱스,소셜 미디어,가격 비교,1,건강에 문제 없어서,2,남자,21
2024-11-23 0:02,예,비타민D,다이어트,nan,점심,3,가격,온라인 쇼핑몰,nan,비타민 C,전문가 추천,가격 비교,4,nan,1,여자,68
2024-02-28 2:14,아니오,오메가3,피로 회복,매일,저녁,,효과,마트,크기를 작게,프로바이오틱스,소셜 미디어,nan,5,비용이 너무 비싸서,3,여자,27
2024-06-22 4:23,예,오메가3,피로 회복,주 2~3회,점심,,nan,마트,크기를 작게,프로바이오틱스,소셜 미디어,성분 분석,,nan,2,여자,41
2024-11-06 22:13,예,nan,모름,nan,점심,3,브랜드 신뢰도,온라인 쇼핑몰,크기를 작게,홍삼,nan,전문가 의견,3,모름,1,여자,41
2024-08-30 5:41,아니오,nan,피부 건강,nan,아침,2,가격,온라인 쇼핑몰,효과 증대,유산균,소셜 미디어,사용 후기,1,모름,4,여자,45
2024-11-27 9:16,아니오,모름,모름,한 달에 한 번,점심,4,브랜드 신뢰도,nan,섭취가 편한 제품,비타민 D,소셜 미디어,사용 후기,5,비용이 너무 비싸서,3,남자,45
2024-09-08 17:40,아니오,오메가3,다이어트,주 1회,아무때나,4,nan,백화점,섭취가 편한 제품,비타민 C,친구 및 가족,사용 후기,5,비용이 너무 비싸서,5,남자,28
2024-09-03 6:09,아니오,홍삼,모름,주 1회,점심,4,성분,약국,크기를 작게,nan,소셜 미디어,사용 후기,3,효과를 믿지 않아서,4,남자,40
2024-05-18 11:21,예,루테인,면역력 강화,한 달에 한 번,저녁,4,구매 편의성,약국,nan,유산균,인터넷 검색,전문가 의견,3,건강에 문제 없어서,1,남자,50
2024-07-17 18:12,아니오,오메가3,다이어트,한 달에 한 번,저녁,3,가격,마트,가격 인하,유산균,전문가 추천,전문가 의견,3,건강에 문제 없어서,4,여자,62
2024-12-05 1:25,아니오,엑세라민,피로 회복,한 달에 한 번,nan,1,효과,nan,크기를 작게,비타민 C,친구 및 가족,nan,,건강에 문제 없어서,5,여자,25
2024-12-15 6:56,아니오,모름,피부 건강,주 1회,저녁,3,성분,마트,nan,유산균,소셜 미디어,성분 분석,,모름,4,남자,33
2024-09-09 2:27,예,엑세라민,다이어트,한 달에 한 번,점심,4,가격,약국,nan,홍삼,인터넷 검색,전문가 의견,1,건강에 문제 없어서,1,남자,52
2024-06-04 15:29,예,비타민D,다이어트,매일,저녁,3,성분,온라인 쇼핑몰,효과 증대,유산균,전문가 추천,nan,3,효과를 믿지 않아서,5,여자,26
2024-08-11 14:29,아니오,nan,면역력 강화,nan,아침,4,효과,백화점,효과 증대,홍삼,친구 및 가족,가격 비교,4,효과를 믿지 않아서,5,여자,43
2024-04-07 13:15,예,루테인,피부 건강,nan,저녁,5,가격,nan,섭취가 편한 제품,비타민 D,인터넷 검색,성분 분석,5,건강에 문제 없어서,4,여자,28
2024-10-31 17:09,아니오,오메가3,피로 회복,주 2~3회,아무때나,,nan,온라인 쇼핑몰,섭취가 편한 제품,비타민 D,소셜 미디어,전문가 의견,3,비용이 너무 비싸서,5,남자,30
2024-07-29 10:48,예,엑세라민,다이어트,주 2~3회,아침,1,nan,백화점,가격 인하,프로바이오틱스,nan,가격 비교,5,효과를 믿지 않아서,4,남자,42
2024-05-31 23:48,예,루테인,다이어트,nan,nan,5,효과,nan,가격 인하,홍삼,nan,nan,2,비용이 너무 비싸서,3,여자,67
2024-03-02 0:23,예,비타민D,면역력 강화,매일,아무때나,2,브랜드 신뢰도,nan,가격 인하,nan,친구 및 가족,전문가 의견,2,모름,5,여자,21
2024-11-03 6:32,예,nan,모름,주 1회,점심,3,효과,약국,가격 인하,비타민 D,인터넷 검색,전문가 의견,3,효과를 믿지 않아서,4,남자,34
2024-01-16 8:17,아니오,홍삼,피로 회복,주 1회,점심,2,브랜드 신뢰도,온라인 쇼핑몰,nan,유산균,전문가 추천,가격 비교,5,비용이 너무 비싸서,3,남자,54
2024-07-21 18:40,아니오,모름,피부 건강,매일,점심,3,가격,nan,nan,비타민 C,인터넷 검색,전문가 의견,2,건강에 문제 없어서,5,남자,55
2024-04-13 18:19,아니오,루테인,다이어트,주 1회,아무때나,,브랜드 신뢰도,nan,섭취가 편한 제품,비타민 C,nan,사용 후기,3,모름,3,남자,47
2024-05-24 16:25,예,루테인,다이어트,한 달에 한 번,아무때나,5,가격,백화점,효과 증대,홍삼,친구 및 가족,전문가 의견,5,nan,,여자,58
2024-01-05 0:27,아니오,홍삼,피로 회복,nan,아무때나,,가격,약국,효과 증대,nan,소셜 미디어,성분 분석,3,nan,5,여자,63
2024-08-09 9:52,아니오,루테인,모름,nan,아침,4,구매 편의성,마트,크기를 작게,프로바이오틱스,인터넷 검색,가격 비교,,건강에 문제 없어서,,여자,23
2024-04-19 23:23,아니오,비타민D,다이어트,매일,아침,,가격,약국,nan,유산균,nan,성분 분석,5,모름,1,남자,29
2024-11-23 17:35,예,비타민D,피로 회복,주 1회,점심,,브랜드 신뢰도,마트,가격 인하,홍삼,전문가 추천,nan,2,모름,1,남자,25
2024-04-02 1:43,예,홍삼,면역력 강화,주 2~3회,저녁,4,구매 편의성,온라인 쇼핑몰,가격 인하,비타민 C,친구 및 가족,성분 분석,3,모름,4,남자,49
2024-06-30 22:50,예,모름,모름,주 2~3회,점심,3,구매 편의성,온라인 쇼핑몰,크기를 작게,홍삼,소셜 미디어,사용 후기,2,모름,2,여자,65
2024-10-02 2:52,아니오,오메가3,피부 건강,주 1회,nan,4,가격,nan,효과 증대,유산균,인터넷 검색,사용 후기,3,nan,,여자,54
2024-01-13 10:08,아니오,엑세라민,다이어트,주 2~3회,아침,5,효과,온라인 쇼핑몰,가격 인하,nan,전문가 추천,성분 분석,1,비용이 너무 비싸서,,여자,68
2024-09-22 6:07,아니오,오메가3,피로 회복,매일,아무때나,,효과,nan,효과 증대,nan,소셜 미디어,nan,2,모름,1,남자,62
2024-11-05 19:54,예,루테인,면역력 강화,매일,아침,4,nan,약국,크기를 작게,비타민 D,nan,전문가 의견,2,비용이 너무 비싸서,,남자,29
2024-02-02 12:25,예,엑세라민,피부 건강,주 1회,아무때나,,구매 편의성,온라인 쇼핑몰,효과 증대,유산균,nan,사용 후기,4,모름,2,여자,51
2024-10-10 3:47,아니오,홍삼,피로 회복,주 2~3회,nan,5,가격,약국,효과 증대,비타민 D,전문가 추천,성분 분석,,효과를 믿지 않아서,3,남자,61
2024-08-08 16:20,예,홍삼,피로 회복,매일,nan,2,효과,약국,효과 증대,비타민 D,nan,성분 분석,2,효과를 믿지 않아서,3,여자,61
2024-12-02 12:02,예,모름,피부 건강,매일,아침,5,가격,온라인 쇼핑몰,가격 인하,비타민 D,친구 및 가족,성분 분석,5,효과를 믿지 않아서,2,여자,22
2024-12-20 0:56,예,엑세라민,면역력 강화,한 달에 한 번,아무때나,1,가격,약국,섭취가 편한 제품,홍삼,전문가 추천,전문가 의견,3,모름,,여자,45
2024-08-07 14:01,예,비타민D,면역력 강화,한 달에 한 번,nan,1,구매 편의성,온라인 쇼핑몰,nan,비타민 C,nan,가격 비교,1,비용이 너무 비싸서,,여자,34
2024-06-01 8:34,아니오,엑세라민,모름,매일,점심,1,nan,온라인 쇼핑몰,효과 증대,nan,인터넷 검색,nan,5,nan,,남자,36
2024-02-11 15:38,예,루테인,다이어트,주 1회,점심,,구매 편의성,온라인 쇼핑몰,효과 증대,홍삼,nan,가격 비교,5,건강에 문제 없어서,4,남자,46
2024-08-13 1:33,예,비타민D,피부 건강,nan,아무때나,3,성분,마트,효과 증대,비타민 C,친구 및 가족,nan,5,nan,5,남자,37
2024-11-25 13:25,예,nan,피부 건강,nan,아침,3,효과,약국,섭취가 편한 제품,nan,소셜 미디어,nan,5,모름,2,남자,38
2024-03-12 5:54,예,nan,피부 건강,매일,nan,3,효과,백화점,크기를 작게,유산균,소셜 미디어,성분 분석,1,효과를 믿지 않아서,2,남자,31
2024-10-28 10:14,아니오,nan,면역력 강화,매일,아침,,효과,온라인 쇼핑몰,가격 인하,nan,nan,사용 후기,4,효과를 믿지 않아서,2,남자,43
2024-07-01 16:23,아니오,홍삼,다이어트,매일,점심,5,브랜드 신뢰도,약국,섭취가 편한 제품,nan,소셜 미디어,성분 분석,,비용이 너무 비싸서,2,여자,24
2024-08-16 8:28,예,엑세라민,모름,주 1회,nan,3,가격,nan,효과 증대,nan,nan,전문가 의견,2,모름,2,남자,43
2024-06-28 18:14,예,nan,피로 회복,한 달에 한 번,아침,2,구매 편의성,온라인 쇼핑몰,섭취가 편한 제품,프로바이오틱스,친구 및 가족,nan,5,nan,,남자,46
2024-01-28 0:53,예,오메가3,피로 회복,매일,저녁,1,효과,온라인 쇼핑몰,섭취가 편한 제품,유산균,소셜 미디어,사용 후기,2,모름,4,남자,67
2024-05-30 12:43,예,모름,피부 건강,매일,아무때나,5,성분,백화점,섭취가 편한 제품,홍삼,인터넷 검색,nan,2,모름,1,여자,49
2024-05-17 0:17,예,오메가3,다이어트,주 2~3회,아무때나,1,효과,마트,크기를 작게,홍삼,nan,nan,5,효과를 믿지 않아서,,남자,34
2024-06-02 2:06,예,nan,면역력 강화,주 1회,저녁,3,nan,마트,nan,비타민 C,소셜 미디어,성분 분석,4,nan,,여자,66
2024-09-22 23:39,아니오,모름,다이어트,매일,점심,5,가격,온라인 쇼핑몰,가격 인하,홍삼,친구 및 가족,사용 후기,2,건강에 문제 없어서,5,남자,57
2024-04-10 20:10,예,루테인,다이어트,주 2~3회,nan,4,가격,약국,크기를 작게,비타민 D,친구 및 가족,사용 후기,3,효과를 믿지 않아서,1,남자,63
2024-10-04 16:15,아니오,오메가3,면역력 강화,nan,아무때나,2,구매 편의성,nan,크기를 작게,nan,인터넷 검색,nan,2,nan,2,남자,53
2024-09-03 14:55,아니오,엑세라민,피부 건강,매일,저녁,3,브랜드 신뢰도,nan,nan,홍삼,친구 및 가족,사용 후기,,비용이 너무 비싸서,1,여자,46
2024-05-23 14:07,예,엑세라민,다이어트,매일,저녁,3,구매 편의성,약국,크기를 작게,비타민 C,친구 및 가족,사용 후기,5,효과를 믿지 않아서,4,여자,39
2024-11-13 3:17,아니오,오메가3,피로 회복,주 2~3회,점심,2,효과,온라인 쇼핑몰,섭취가 편한 제품,비타민 C,소셜 미디어,성분 분석,1,비용이 너무 비싸서,3,남자,60
2024-06-15 14:33,아니오,nan,면역력 강화,주 1회,점심,2,nan,nan,섭취가 편한 제품,비타민 D,nan,가격 비교,2,효과를 믿지 않아서,,남자,51
2024-12-01 18:29,아니오,엑세라민,모름,매일,아침,4,성분,마트,효과 증대,비타민 C,전문가 추천,전문가 의견,4,모름,1,남자,23
2024-03-10 18:50,아니오,루테인,피부 건강,nan,아무때나,3,구매 편의성,약국,크기를 작게,프로바이오틱스,친구 및 가족,가격 비교,3,nan,5,여자,24
2024-09-26 15:21,아니오,비타민D,면역력 강화,매일,아침,,브랜드 신뢰도,백화점,효과 증대,nan,친구 및 가족,사용 후기,3,비용이 너무 비싸서,4,여자,27
2024-09-08 8:54,아니오,nan,모름,nan,저녁,3,구매 편의성,온라인 쇼핑몰,가격 인하,nan,전문가 추천,nan,1,효과를 믿지 않아서,3,남자,41
2024-02-05 19:20,예,루테인,모름,한 달에 한 번,nan,1,가격,약국,섭취가 편한 제품,nan,친구 및 가족,전문가 의견,,비용이 너무 비싸서,4,여자,61
2024-07-18 20:30,아니오,모름,다이어트,한 달에 한 번,nan,5,효과,nan,가격 인하,유산균,소셜 미디어,전문가 의견,1,효과를 믿지 않아서,2,여자,26
2024-12-22 23:05,아니오,루테인,다이어트,nan,점심,5,효과,온라인 쇼핑몰,nan,홍삼,소셜 미디어,nan,,효과를 믿지 않아서,3,여자,41
2024-12-30 15:13,아니오,nan,다이어트,주 1회,nan,1,효과,마트,섭취가 편한 제품,프로바이오틱스,전문가 추천,전문가 의견,2,건강에 문제 없어서,5,여자,65
2024-02-04 17:01,예,모름,면역력 강화,매일,nan,5,효과,온라인 쇼핑몰,가격 인하,홍삼,친구 및 가족,nan,5,건강에 문제 없어서,3,남자,49
2024-08-30 5:41,아니오,nan,면역력 강화,매일,nan,2,효과,온라인 쇼핑몰,nan,프로바이오틱스,친구 및 가족,전문가 의견,4,건강에 문제 없어서,5,남자,56
2024-08-29 20:55,예,엑세라민,피부 건강,한 달에 한 번,저녁,5,효과,마트,가격 인하,홍삼,nan,가격 비교,3,비용이 너무 비싸서,2,여자,35
2024-03-10 1:17,아니오,비타민D,다이어트,nan,nan,5,성분,마트,nan,비타민 D,친구 및 가족,전문가 의견,1,모름,5,여자,34
2024-09-25 13:02,예,nan,모름,매일,nan,1,브랜드 신뢰도,온라인 쇼핑몰,nan,비타민 C,소셜 미디어,성분 분석,4,효과를 믿지 않아서,4,여자,24
2024-01-14 3:40,예,nan,피로 회복,매일,nan,4,효과,마트,섭취가 편한 제품,비타민 C,인터넷 검색,nan,,nan,1,남자,22
2024-10-11 14:52,아니오,엑세라민,피부 건강,주 1회,아침,5,브랜드 신뢰도,약국,효과 증대,비타민 D,인터넷 검색,전문가 의견,5,건강에 문제 없어서,4,남자,42
2024-05-14 10:54,아니오,홍삼,면역력 강화,주 2~3회,저녁,,nan,마트,nan,프로바이오틱스,인터넷 검색,nan,3,비용이 너무 비싸서,,여자,29
2024-09-10 13:31,예,엑세라민,피부 건강,한 달에 한 번,점심,5,효과,마트,nan,유산균,인터넷 검색,성분 분석,3,비용이 너무 비싸서,4,여자,24
2024-07-10 10:50,아니오,모름,피부 건강,한 달에 한 번,아침,4,구매 편의성,온라인 쇼핑몰,섭취가 편한 제품,프로바이오틱스,친구 및 가족,전문가 의견,,비용이 너무 비싸서,3,여자,42
2024-04-11 13:43,예,엑세라민,피부 건강,주 2~3회,아무때나,1,효과,약국,효과 증대,비타민 C,친구 및 가족,전문가 의견,5,nan,2,여자,34
2024-03-19 22:03,예,엑세라민,피부 건강,매일,저녁,4,가격,백화점,크기를 작게,유산균,nan,성분 분석,3,nan,,남자,37
2024-11-12 9:45,예,비타민D,피로 회복,주 1회,저녁,1,성분,백화점,크기를 작게,홍삼,친구 및 가족,성분 분석,5,건강에 문제 없어서,,남자,44
2024-11-14 14:21,예,엑세라민,다이어트,주 1회,아무때나,2,구매 편의성,nan,효과 증대,유산균,인터넷 검색,성분 분석,3,nan,,남자,27
2024-10-18 4:42,예,nan,모름,한 달에 한 번,아무때나,1,구매 편의성,마트,가격 인하,프로바이오틱스,전문가 추천,nan,2,건강에 문제 없어서,1,남자,50
2024-04-09 9:06,아니오,비타민D,피부 건강,주 1회,아무때나,2,가격,마트,섭취가 편한 제품,비타민 D,전문가 추천,성분 분석,,nan,5,남자,40
2024-11-17 12:30,예,오메가3,피부 건강,주 2~3회,점심,2,효과,약국,효과 증대,홍삼,소셜 미디어,nan,5,nan,3,남자,21
2024-01-23 6:53,예,홍삼,피부 건강,매일,nan,1,성분,백화점,크기를 작게,프로바이오틱스,소셜 미디어,가격 비교,4,nan,2,여자,41
2024-08-05 9:25,아니오,비타민D,다이어트,주 2~3회,저녁,,구매 편의성,nan,nan,홍삼,친구 및 가족,전문가 의견,2,건강에 문제 없어서,1,여자,27
2024-11-17 3:44,예,모름,면역력 강화,nan,nan,3,성분,약국,크기를 작게,유산균,전문가 추천,전문가 의견,4,효과를 믿지 않아서,4,남자,42
2024-09-22 23:39,아니오,오메가3,면역력 강화,한 달에 한 번,nan,1,구매 편의성,마트,nan,비타민 C,인터넷 검색,사용 후기,,건강에 문제 없어서,2,남자,51
2024-05-04 14:09,아니오,비타민D,피로 회복,주 1회,아무때나,5,효과,백화점,섭취가 편한 제품,프로바이오틱스,인터넷 검색,가격 비교,3,효과를 믿지 않아서,,남자,27
2024-05-24 16:25,아니오,비타민D,면역력 강화,nan,점심,,nan,nan,nan,비타민 D,인터넷 검색,성분 분석,4,비용이 너무 비싸서,2,여자,23
2024-09-12 0:36,예,홍삼,피부 건강,주 1회,아침,,구매 편의성,온라인 쇼핑몰,효과 증대,유산균,친구 및 가족,성분 분석,2,비용이 너무 비싸서,2,여자,49
2024-01-07 13:50,예,nan,피부 건강,매일,점심,5,nan,백화점,nan,프로바이오틱스,친구 및 가족,가격 비교,5,건강에 문제 없어서,4,여자,38
2024-03-05 7:18,예,모름,피부 건강,매일,nan,3,구매 편의성,nan,가격 인하,비타민 D,nan,성분 분석,1,효과를 믿지 않아서,5,여자,42
2024-08-11 5:43,아니오,루테인,피로 회복,매일,점심,,브랜드 신뢰도,약국,효과 증대,프로바이오틱스,인터넷 검색,사용 후기,4,효과를 믿지 않아서,3,남자,37
2024-05-24 7:39,예,루테인,피부 건강,주 1회,아무때나,2,효과,온라인 쇼핑몰,섭취가 편한 제품,유산균,인터넷 검색,nan,1,효과를 믿지 않아서,,여자,48
2024-06-11 5:20,아니오,비타민D,면역력 강화,nan,아침,3,가격,nan,효과 증대,프로바이오틱스,친구 및 가족,전문가 의견,,비용이 너무 비싸서,5,남자,42
2024-03-25 18:21,예,엑세라민,다이어트,매일,아무때나,5,nan,nan,가격 인하,홍삼,친구 및 가족,가격 비교,4,건강에 문제 없어서,1,여자,52
2024-11-29 22:39,아니오,모름,다이어트,nan,아침,3,가격,마트,섭취가 편한 제품,유산균,nan,전문가 의견,4,모름,,여자,66
2024-01-28 9:39,예,오메가3,모름,주 1회,nan,1,효과,백화점,크기를 작게,프로바이오틱스,nan,nan,5,효과를 믿지 않아서,3,여자,37
2024-04-06 10:57,예,엑세라민,면역력 강화,nan,아침,3,가격,마트,가격 인하,비타민 C,소셜 미디어,가격 비교,3,효과를 믿지 않아서,1,여자,63
2024-06-14 21:01,예,엑세라민,피부 건강,주 1회,아침,2,효과,온라인 쇼핑몰,섭취가 편한 제품,프로바이오틱스,전문가 추천,nan,2,모름,4,남자,52
2024-10-17 11:10,아니오,모름,다이어트,주 1회,아침,1,가격,nan,nan,홍삼,인터넷 검색,성분 분석,2,건강에 문제 없어서,5,남자,26
2024-09-18 23:12,아니오,nan,면역력 강화,한 달에 한 번,점심,4,nan,마트,효과 증대,비타민 D,인터넷 검색,성분 분석,2,효과를 믿지 않아서,,남자,47
2024-09-25 4:16,예,비타민D,다이어트,주 1회,점심,5,브랜드 신뢰도,백화점,섭취가 편한 제품,비타민 D,nan,성분 분석,,건강에 문제 없어서,2,남자,20
2024-05-19 22:26,예,비타민D,피부 건강,주 1회,nan,5,가격,온라인 쇼핑몰,효과 증대,비타민 D,nan,nan,3,효과를 믿지 않아서,3,남자,58
2024-07-24 16:49,아니오,비타민D,다이어트,주 2~3회,아침,3,nan,약국,nan,비타민 C,소셜 미디어,nan,1,nan,,남자,53
2024-11-06 13:27,아니오,비타민D,모름,매일,저녁,,구매 편의성,마트,섭취가 편한 제품,홍삼,전문가 추천,nan,2,효과를 믿지 않아서,2,남자,58
2024-07-03 12:13,아니오,루테인,모름,한 달에 한 번,nan,1,효과,온라인 쇼핑몰,크기를 작게,유산균,소셜 미디어,전문가 의견,1,nan,,여자,38
2024-05-13 17:22,예,비타민D,다이어트,한 달에 한 번,아침,4,성분,약국,가격 인하,비타민 D,전문가 추천,nan,3,건강에 문제 없어서,1,남자,50
2024-02-22 5:56,아니오,루테인,면역력 강화,한 달에 한 번,아침,1,성분,마트,섭취가 편한 제품,홍삼,인터넷 검색,성분 분석,,효과를 믿지 않아서,2,여자,32
2024-11-18 23:35,예,루테인,면역력 강화,주 2~3회,점심,5,효과,온라인 쇼핑몰,nan,프로바이오틱스,소셜 미디어,사용 후기,3,비용이 너무 비싸서,2,남자,43
2024-01-25 20:16,아니오,nan,면역력 강화,주 1회,nan,1,브랜드 신뢰도,온라인 쇼핑몰,섭취가 편한 제품,비타민 C,nan,nan,5,비용이 너무 비싸서,,여자,24
2024-02-05 19:20,예,비타민D,다이어트,매일,아침,4,가격,마트,효과 증대,홍삼,소셜 미디어,사용 후기,2,모름,4,남자,42
2024-05-24 7:39,아니오,홍삼,면역력 강화,nan,아침,,브랜드 신뢰도,온라인 쇼핑몰,섭취가 편한 제품,홍삼,소셜 미디어,성분 분석,,비용이 너무 비싸서,4,여자,38
2024-01-09 18:27,아니오,오메가3,피부 건강,주 1회,nan,3,성분,nan,크기를 작게,유산균,인터넷 검색,nan,5,nan,5,남자,20
2024-12-12 0:01,아니오,엑세라민,모름,주 2~3회,저녁,2,nan,마트,섭취가 편한 제품,홍삼,nan,전문가 의견,2,비용이 너무 비싸서,1,남자,52
2024-11-21 4:12,아니오,루테인,피부 건강,주 1회,nan,1,효과,온라인 쇼핑몰,가격 인하,유산균,nan,전문가 의견,3,비용이 너무 비싸서,4,남자,69
2024-06-19 23:47,아니오,모름,면역력 강화,주 1회,nan,2,효과,약국,섭취가 편한 제품,비타민 C,친구 및 가족,사용 후기,3,비용이 너무 비싸서,,남자,52
2024-06-25 11:18,예,모름,피부 건강,주 2~3회,저녁,5,브랜드 신뢰도,약국,효과 증대,비타민 C,친구 및 가족,전문가 의견,4,효과를 믿지 않아서,4,여자,51
2024-07-25 1:35,아니오,오메가3,면역력 강화,한 달에 한 번,nan,3,nan,nan,섭취가 편한 제품,프로바이오틱스,친구 및 가족,전문가 의견,4,모름,5,남자,47
2024-02-24 19:18,아니오,모름,다이어트,한 달에 한 번,아침,3,브랜드 신뢰도,마트,크기를 작게,유산균,인터넷 검색,전문가 의견,3,건강에 문제 없어서,3,남자,56
2024-02-22 5:56,아니오,홍삼,피부 건강,매일,nan,1,가격,온라인 쇼핑몰,nan,유산균,소셜 미디어,성분 분석,3,모름,5,여자,60
2024-07-26 12:39,예,모름,다이어트,매일,저녁,,구매 편의성,온라인 쇼핑몰,섭취가 편한 제품,비타민 D,nan,전문가 의견,1,nan,2,남자,31
2024-01-14 21:12,아니오,엑세라민,다이어트,한 달에 한 번,아무때나,3,nan,약국,섭취가 편한 제품,비타민 D,nan,가격 비교,1,효과를 믿지 않아서,2,여자,28
2024-02-09 11:01,예,엑세라민,피로 회복,nan,nan,1,구매 편의성,nan,가격 인하,프로바이오틱스,소셜 미디어,nan,5,효과를 믿지 않아서,4,여자,69
2024-09-09 19:59,아니오,루테인,면역력 강화,주 1회,점심,1,가격,약국,크기를 작게,비타민 C,nan,전문가 의견,4,비용이 너무 비싸서,4,남자,30
2024-01-15 23:31,아니오,비타민D,모름,nan,아침,2,구매 편의성,약국,nan,nan,소셜 미디어,전문가 의견,4,비용이 너무 비싸서,5,남자,52
2024-03-08 14:13,예,nan,면역력 강화,주 1회,아침,3,성분,nan,효과 증대,비타민 D,인터넷 검색,전문가 의견,3,nan,5,여자,38
2024-12-07 6:01,아니오,홍삼,모름,한 달에 한 번,점심,1,구매 편의성,마트,섭취가 편한 제품,홍삼,인터넷 검색,가격 비교,3,효과를 믿지 않아서,,남자,61
2024-05-25 1:12,예,루테인,면역력 강화,매일,점심,2,가격,온라인 쇼핑몰,nan,비타민 C,인터넷 검색,전문가 의견,5,건강에 문제 없어서,1,여자,53
2024-03-22 2:40,예,홍삼,다이어트,매일,nan,4,구매 편의성,마트,효과 증대,nan,소셜 미디어,전문가 의견,,모름,,남자,26
2024-08-19 6:37,아니오,비타민D,피부 건강,nan,점심,2,효과,백화점,크기를 작게,홍삼,소셜 미디어,nan,,효과를 믿지 않아서,2,남자,50
2024-02-18 5:28,예,모름,피부 건강,매일,아무때나,2,브랜드 신뢰도,백화점,크기를 작게,유산균,전문가 추천,가격 비교,,건강에 문제 없어서,,여자,21
2024-02-29 4:32,아니오,모름,피로 회복,한 달에 한 번,저녁,1,성분,백화점,nan,비타민 C,nan,가격 비교,4,건강에 문제 없어서,5,남자,38
2024-03-19 4:30,아니오,nan,모름,nan,점심,5,효과,nan,효과 증대,프로바이오틱스,nan,전문가 의견,1,모름,,남자,57
2024-09-24 10:44,예,비타민D,모름,주 1회,점심,5,효과,약국,크기를 작게,유산균,전문가 추천,가격 비교,,건강에 문제 없어서,3,남자,51
2024-03-26 11:53,예,루테인,모름,매일,아무때나,,가격,마트,nan,유산균,전문가 추천,사용 후기,2,nan,1,여자,29
2024-11-03 15:18,예,nan,다이어트,주 2~3회,아침,5,브랜드 신뢰도,온라인 쇼핑몰,크기를 작게,홍삼,인터넷 검색,가격 비교,5,건강에 문제 없어서,5,남자,60
2024-08-28 1:04,예,비타민D,모름,매일,아침,2,브랜드 신뢰도,백화점,크기를 작게,유산균,전문가 추천,가격 비교,,nan,4,여자,27
2024-10-01 0:34,아니오,오메가3,피부 건강,주 1회,nan,,nan,마트,크기를 작게,비타민 D,소셜 미디어,가격 비교,2,건강에 문제 없어서,,남자,45
2024-08-02 11:16,아니오,엑세라민,다이어트,nan,아무때나,1,성분,백화점,가격 인하,비타민 C,친구 및 가족,성분 분석,,비용이 너무 비싸서,5,여자,49
2024-01-03 22:09,예,nan,면역력 강화,주 1회,저녁,3,가격,백화점,효과 증대,비타민 D,소셜 미디어,성분 분석,1,건강에 문제 없어서,4,남자,30
2024-01-27 16:07,아니오,nan,모름,주 2~3회,저녁,2,성분,온라인 쇼핑몰,nan,홍삼,전문가 추천,성분 분석,1,nan,4,남자,60
2024-12-14 4:38,아니오,루테인,모름,한 달에 한 번,아무때나,2,nan,nan,nan,nan,nan,가격 비교,,건강에 문제 없어서,2,여자,39
2024-06-28 9:27,아니오,홍삼,면역력 강화,매일,저녁,,구매 편의성,약국,효과 증대,홍삼,소셜 미디어,사용 후기,2,건강에 문제 없어서,2,남자,39
2024-11-29 5:07,아니오,오메가3,모름,nan,아침,1,효과,nan,효과 증대,비타민 C,nan,가격 비교,5,건강에 문제 없어서,5,여자,28
2024-04-02 1:43,예,루테인,면역력 강화,한 달에 한 번,저녁,4,성분,마트,효과 증대,유산균,소셜 미디어,전문가 의견,2,nan,5,남자,27
2024-03-24 16:02,예,비타민D,다이어트,주 1회,저녁,2,효과,nan,효과 증대,프로바이오틱스,nan,사용 후기,5,건강에 문제 없어서,3,여자,34
2024-07-08 6:13,아니오,비타민D,피부 건강,nan,아무때나,4,가격,마트,섭취가 편한 제품,홍삼,소셜 미디어,성분 분석,,모름,1,남자,53
2024-03-04 4:59,예,비타민D,면역력 강화,한 달에 한 번,아무때나,4,구매 편의성,마트,nan,비타민 C,nan,nan,5,모름,1,여자,43
2024-08-26 5:14,예,비타민D,피로 회복,nan,저녁,5,가격,약국,섭취가 편한 제품,프로바이오틱스,친구 및 가족,사용 후기,3,nan,5,남자,52
2024-03-02 0:23,예,홍삼,면역력 강화,주 2~3회,점심,1,구매 편의성,온라인 쇼핑몰,크기를 작게,유산균,인터넷 검색,성분 분석,4,비용이 너무 비싸서,2,여자,60
2024-03-02 17:55,아니오,오메가3,모름,주 2~3회,아무때나,4,구매 편의성,약국,크기를 작게,nan,소셜 미디어,사용 후기,4,모름,,여자,60
2024-05-23 5:21,아니오,모름,다이어트,매일,nan,1,효과,nan,nan,홍삼,친구 및 가족,사용 후기,1,효과를 믿지 않아서,3,남자,64
2024-12-11 6:29,아니오,엑세라민,다이어트,매일,nan,5,가격,마트,크기를 작게,nan,인터넷 검색,가격 비교,3,모름,1,여자,59
2024-10-17 2:24,예,홍삼,면역력 강화,주 2~3회,아침,1,가격,백화점,효과 증대,비타민 C,소셜 미디어,전문가 의견,4,효과를 믿지 않아서,5,여자,46
2024-08-19 6:37,아니오,홍삼,피부 건강,nan,저녁,2,성분,백화점,섭취가 편한 제품,nan,친구 및 가족,nan,,nan,2,남자,40
2024-03-11 12:22,아니오,모름,피로 회복,주 2~3회,점심,4,가격,마트,효과 증대,nan,친구 및 가족,성분 분석,5,비용이 너무 비싸서,2,남자,24
2024-07-07 12:41,예,모름,다이어트,매일,아침,1,성분,약국,크기를 작게,비타민 C,친구 및 가족,사용 후기,5,효과를 믿지 않아서,2,남자,54
2024-01-11 5:31,아니오,엑세라민,모름,주 2~3회,저녁,3,브랜드 신뢰도,온라인 쇼핑몰,섭취가 편한 제품,비타민 C,전문가 추천,nan,2,효과를 믿지 않아서,,남자,40
2024-02-29 22:04,아니오,엑세라민,모름,주 2~3회,아무때나,1,브랜드 신뢰도,약국,효과 증대,홍삼,nan,사용 후기,2,모름,4,남자,23
2024-06-02 19:39,예,모름,피부 건강,nan,nan,4,브랜드 신뢰도,마트,nan,nan,인터넷 검색,전문가 의견,5,효과를 믿지 않아서,,남자,68
2024-05-03 11:50,예,비타민D,다이어트,한 달에 한 번,점심,5,nan,마트,효과 증대,프로바이오틱스,nan,nan,,nan,2,여자,67
2024-08-24 9:23,예,홍삼,면역력 강화,매일,nan,5,가격,온라인 쇼핑몰,크기를 작게,비타민 C,nan,성분 분석,5,nan,5,여자,35
2024-06-29 20:32,아니오,루테인,모름,nan,아무때나,4,nan,nan,섭취가 편한 제품,유산균,nan,사용 후기,2,nan,3,여자,50
2024-05-12 23:49,아니오,엑세라민,피부 건강,주 2~3회,저녁,2,가격,nan,nan,nan,친구 및 가족,전문가 의견,4,모름,,남자,45
2024-10-30 23:36,아니오,엑세라민,다이어트,주 2~3회,아무때나,2,성분,온라인 쇼핑몰,섭취가 편한 제품,비타민 C,nan,nan,1,비용이 너무 비싸서,5,남자,54
2024-05-04 14:09,예,모름,다이어트,한 달에 한 번,아무때나,5,nan,nan,nan,프로바이오틱스,전문가 추천,사용 후기,2,모름,2,여자,25
2024-07-01 7:36,예,오메가3,다이어트,매일,nan,5,nan,백화점,섭취가 편한 제품,홍삼,소셜 미디어,사용 후기,,nan,3,여자,52
2024-08-27 16:18,아니오,루테인,다이어트,매일,점심,4,nan,nan,크기를 작게,nan,친구 및 가족,성분 분석,4,모름,1,남자,40
2024-07-05 8:04,아니오,루테인,다이어트,주 1회,아무때나,2,구매 편의성,nan,nan,비타민 C,인터넷 검색,전문가 의견,4,nan,1,여자,35
2024-04-29 2:37,예,엑세라민,모름,매일,nan,5,성분,nan,가격 인하,비타민 C,소셜 미디어,가격 비교,4,건강에 문제 없어서,5,남자,66
2024-03-19 22:03,예,비타민D,피부 건강,한 달에 한 번,점심,2,브랜드 신뢰도,백화점,섭취가 편한 제품,유산균,소셜 미디어,사용 후기,3,건강에 문제 없어서,3,남자,58
2024-04-19 14:37,예,오메가3,다이어트,주 1회,저녁,5,성분,nan,섭취가 편한 제품,유산균,소셜 미디어,nan,3,효과를 믿지 않아서,5,여자,53
2024-02-17 20:42,예,루테인,피로 회복,주 1회,저녁,1,구매 편의성,백화점,효과 증대,nan,nan,성분 분석,4,비용이 너무 비싸서,3,남자,61
2024-10-20 9:19,아니오,엑세라민,피로 회복,주 2~3회,아침,3,가격,온라인 쇼핑몰,nan,비타민 C,nan,성분 분석,,건강에 문제 없어서,3,남자,34
2024-01-26 5:02,예,루테인,피부 건강,주 2~3회,nan,,성분,약국,가격 인하,nan,친구 및 가족,사용 후기,5,nan,5,남자,25
2024-04-01 16:57,아니오,nan,면역력 강화,매일,점심,1,nan,온라인 쇼핑몰,크기를 작게,비타민 C,nan,사용 후기,,모름,3,남자,21
2024-05-31 6:16,아니오,오메가3,면역력 강화,주 1회,아무때나,,브랜드 신뢰도,약국,효과 증대,유산균,nan,사용 후기,3,모름,,여자,43
2024-10-14 4:15,아니오,오메가3,면역력 강화,주 2~3회,저녁,5,브랜드 신뢰도,온라인 쇼핑몰,가격 인하,프로바이오틱스,nan,가격 비교,2,효과를 믿지 않아서,2,남자,68
2024-06-11 5:20,예,nan,피로 회복,한 달에 한 번,점심,3,가격,약국,nan,비타민 D,친구 및 가족,사용 후기,3,모름,3,남자,47
2024-11-15 16:40,예,홍삼,면역력 강화,주 2~3회,nan,3,성분,약국,가격 인하,비타민 D,친구 및 가족,전문가 의견,5,건강에 문제 없어서,,여자,20
2024-03-07 3:08,예,nan,모름,주 2~3회,아침,5,구매 편의성,마트,섭취가 편한 제품,비타민 C,전문가 추천,nan,1,모름,3,남자,20
2024-03-01 15:36,예,모름,다이어트,주 1회,저녁,5,가격,약국,섭취가 편한 제품,유산균,전문가 추천,사용 후기,3,건강에 문제 없어서,,남자,47
2024-02-02 21:11,아니오,모름,피로 회복,주 1회,점심,2,성분,약국,효과 증대,홍삼,전문가 추천,가격 비교,,건강에 문제 없어서,5,여자,55
2024-09-17 12:07,예,엑세라민,피부 건강,nan,점심,5,효과,마트,nan,홍삼,전문가 추천,nan,,비용이 너무 비싸서,1,여자,39
2024-11-09 2:50,예,오메가3,피부 건강,한 달에 한 번,점심,4,브랜드 신뢰도,nan,nan,비타민 D,소셜 미디어,성분 분석,4,효과를 믿지 않아서,4,남자,67
2024-07-12 15:26,아니오,홍삼,다이어트,주 1회,nan,5,구매 편의성,nan,가격 인하,프로바이오틱스,소셜 미디어,사용 후기,4,nan,3,남자,27
2024-01-14 21:12,예,홍삼,피로 회복,매일,nan,4,nan,마트,효과 증대,비타민 D,전문가 추천,nan,4,건강에 문제 없어서,4,여자,20
2024-02-15 16:05,아니오,루테인,면역력 강화,한 달에 한 번,nan,5,구매 편의성,백화점,nan,비타민 C,전문가 추천,성분 분석,1,효과를 믿지 않아서,3,남자,45
2024-06-13 9:56,아니오,루테인,면역력 강화,한 달에 한 번,아무때나,2,nan,약국,섭취가 편한 제품,프로바이오틱스,인터넷 검색,가격 비교,5,nan,5,남자,62
2024-03-03 20:13,아니오,nan,모름,주 1회,점심,4,구매 편의성,약국,가격 인하,홍삼,소셜 미디어,전문가 의견,2,모름,5,남자,68
2024-08-26 5:14,아니오,홍삼,모름,한 달에 한 번,저녁,1,브랜드 신뢰도,마트,크기를 작게,유산균,인터넷 검색,사용 후기,,효과를 믿지 않아서,,여자,44
2024-10-02 2:52,아니오,nan,면역력 강화,주 1회,nan,4,nan,마트,섭취가 편한 제품,유산균,인터넷 검색,전문가 의견,,효과를 믿지 않아서,3,남자,29
2024-03-21 0:21,아니오,nan,피부 건강,주 2~3회,nan,2,성분,백화점,효과 증대,비타민 C,nan,가격 비교,5,효과를 믿지 않아서,5,여자,31
2024-08-20 17:42,아니오,루테인,피부 건강,nan,점심,,nan,nan,nan,비타민 D,친구 및 가족,nan,1,모름,5,여자,60
2024-01-21 19:49,아니오,오메가3,모름,주 2~3회,nan,4,가격,온라인 쇼핑몰,섭취가 편한 제품,비타민 C,소셜 미디어,nan,4,모름,3,여자,26
2024-08-28 18:37,예,nan,다이어트,주 1회,아무때나,5,성분,nan,크기를 작게,유산균,전문가 추천,가격 비교,5,효과를 믿지 않아서,,여자,31
2024-06-22 13:09,예,비타민D,면역력 강화,주 1회,아무때나,5,가격,약국,크기를 작게,홍삼,전문가 추천,가격 비교,2,비용이 너무 비싸서,,남자,66
2024-06-15 5:47,예,오메가3,모름,주 2~3회,nan,,구매 편의성,마트,효과 증대,유산균,친구 및 가족,사용 후기,4,건강에 문제 없어서,,여자,59
2024-10-29 12:32,예,홍삼,모름,매일,점심,2,성분,백화점,섭취가 편한 제품,프로바이오틱스,소셜 미디어,성분 분석,2,모름,,남자,36
2024-11-22 15:16,아니오,홍삼,면역력 강화,매일,점심,3,구매 편의성,nan,가격 인하,nan,전문가 추천,전문가 의견,3,비용이 너무 비싸서,1,여자,24
2024-05-11 12:45,예,nan,면역력 강화,매일,점심,5,효과,백화점,섭취가 편한 제품,유산균,전문가 추천,전문가 의견,2,모름,3,여자,33
2024-12-07 6:01,아니오,오메가3,피부 건강,주 1회,아침,1,구매 편의성,nan,크기를 작게,유산균,nan,nan,4,효과를 믿지 않아서,1,남자,53
2024-01-01 0:00,예,루테인,다이어트,한 달에 한 번,nan,2,구매 편의성,약국,효과 증대,nan,인터넷 검색,nan,3,비용이 너무 비싸서,5,여자,67
2024-05-21 0:44,예,루테인,다이어트,주 1회,점심,4,가격,온라인 쇼핑몰,효과 증대,프로바이오틱스,전문가 추천,사용 후기,4,nan,1,여자,36
2024-12-21 3:14,예,모름,면역력 강화,한 달에 한 번,아무때나,4,nan,백화점,가격 인하,비타민 D,소셜 미디어,가격 비교,,건강에 문제 없어서,,남자,54
2024-05-06 18:45,아니오,홍삼,피로 회복,주 2~3회,저녁,1,효과,백화점,효과 증대,유산균,친구 및 가족,전문가 의견,4,건강에 문제 없어서,5,여자,20
2024-03-10 1:17,예,엑세라민,모름,nan,저녁,5,구매 편의성,온라인 쇼핑몰,효과 증대,비타민 C,nan,사용 후기,3,모름,1,여자,69
2024-07-03 3:27,아니오,모름,모름,한 달에 한 번,점심,2,구매 편의성,백화점,효과 증대,유산균,소셜 미디어,nan,2,건강에 문제 없어서,1,여자,69
2024-03-10 10:03,아니오,루테인,면역력 강화,매일,저녁,1,효과,백화점,효과 증대,비타민 C,nan,nan,,nan,3,남자,55
2024-07-04 5:45,예,오메가3,피로 회복,주 1회,저녁,5,효과,nan,효과 증대,프로바이오틱스,인터넷 검색,전문가 의견,1,비용이 너무 비싸서,1,여자,34
2024-05-14 10:54,예,루테인,피부 건강,주 2~3회,아침,2,성분,nan,크기를 작게,유산균,전문가 추천,nan,1,비용이 너무 비싸서,5,남자,38
2024-05-29 1:39,예,오메가3,면역력 강화,매일,아무때나,4,가격,온라인 쇼핑몰,섭취가 편한 제품,프로바이오틱스,소셜 미디어,nan,1,효과를 믿지 않아서,,남자,61
2024-10-27 16:41,아니오,모름,면역력 강화,주 2~3회,아무때나,2,효과,약국,nan,프로바이오틱스,친구 및 가족,성분 분석,1,비용이 너무 비싸서,3,남자,24
2024-12-05 1:25,예,홍삼,모름,nan,아침,,효과,백화점,효과 증대,비타민 D,인터넷 검색,가격 비교,5,모름,1,여자,38
2024-12-06 21:15,아니오,루테인,면역력 강화,주 1회,아침,3,브랜드 신뢰도,약국,nan,유산균,인터넷 검색,nan,1,nan,3,여자,62
2024-02-12 9:10,아니오,nan,면역력 강화,주 1회,저녁,2,nan,온라인 쇼핑몰,nan,비타민 C,nan,성분 분석,3,효과를 믿지 않아서,4,여자,58
2024-02-18 14:14,예,오메가3,면역력 강화,nan,nan,3,효과,온라인 쇼핑몰,크기를 작게,비타민 C,인터넷 검색,사용 후기,1,모름,3,여자,24
2024-01-21 19:49,예,홍삼,모름,주 1회,저녁,2,가격,nan,효과 증대,유산균,소셜 미디어,nan,4,모름,,남자,31
2024-07-21 18:40,아니오,엑세라민,피부 건강,한 달에 한 번,아침,3,nan,백화점,nan,nan,nan,사용 후기,1,모름,4,남자,38
2024-09-06 21:50,아니오,오메가3,피부 건강,주 2~3회,아무때나,,nan,마트,효과 증대,비타민 D,인터넷 검색,nan,2,건강에 문제 없어서,4,여자,66
2024-09-02 3:50,아니오,모름,면역력 강화,매일,저녁,4,구매 편의성,온라인 쇼핑몰,가격 인하,비타민 D,친구 및 가족,전문가 의견,3,모름,3,여자,31
2024-03-03 20:13,예,엑세라민,모름,nan,nan,5,구매 편의성,백화점,가격 인하,비타민 D,소셜 미디어,성분 분석,3,건강에 문제 없어서,5,남자,55
2024-10-29 12:32,아니오,엑세라민,피부 건강,한 달에 한 번,저녁,3,구매 편의성,약국,가격 인하,비타민 C,친구 및 가족,성분 분석,,비용이 너무 비싸서,,여자,31
2024-10-24 9:46,예,비타민D,피부 건강,매일,점심,,구매 편의성,nan,nan,프로바이오틱스,친구 및 가족,전문가 의견,5,건강에 문제 없어서,5,여자,37
2024-02-24 1:46,아니오,루테인,피부 건강,매일,저녁,3,브랜드 신뢰도,약국,가격 인하,nan,nan,가격 비교,4,모름,,여자,68
2024-01-29 20:43,아니오,오메가3,모름,nan,아침,4,효과,온라인 쇼핑몰,크기를 작게,비타민 D,전문가 추천,성분 분석,3,nan,,여자,67
2024-11-19 8:21,예,엑세라민,모름,한 달에 한 번,아무때나,3,구매 편의성,온라인 쇼핑몰,크기를 작게,비타민 C,nan,사용 후기,2,nan,5,여자,62
2024-03-18 10:58,아니오,비타민D,면역력 강화,매일,아무때나,,성분,약국,nan,비타민 C,소셜 미디어,성분 분석,1,비용이 너무 비싸서,2,여자,53
2024-03-14 19:17,예,모름,다이어트,매일,아침,,구매 편의성,온라인 쇼핑몰,효과 증대,프로바이오틱스,소셜 미디어,가격 비교,3,모름,4,남자,67
2024-10-05 18:34,예,홍삼,피부 건강,한 달에 한 번,점심,1,효과,백화점,섭취가 편한 제품,유산균,nan,사용 후기,2,건강에 문제 없어서,3,남자,52
2024-03-24 7:16,아니오,nan,다이어트,주 1회,아침,4,구매 편의성,온라인 쇼핑몰,효과 증대,유산균,전문가 추천,사용 후기,1,nan,5,남자,68
2024-09-03 14:55,예,nan,모름,매일,저녁,1,브랜드 신뢰도,nan,효과 증대,비타민 D,nan,전문가 의견,5,효과를 믿지 않아서,5,남자,37
2024-03-23 13:44,예,오메가3,모름,주 2~3회,아침,4,가격,백화점,효과 증대,비타민 D,소셜 미디어,nan,3,모름,3,여자,48
2024-08-28 9:50,아니오,엑세라민,모름,한 달에 한 번,아침,3,가격,마트,효과 증대,nan,전문가 추천,전문가 의견,3,모름,4,여자,64
2024-07-13 0:12,예,nan,다이어트,매일,점심,,효과,온라인 쇼핑몰,섭취가 편한 제품,프로바이오틱스,소셜 미디어,nan,2,효과를 믿지 않아서,3,남자,24
2024-06-09 18:15,예,루테인,모름,nan,저녁,1,가격,온라인 쇼핑몰,가격 인하,비타민 D,전문가 추천,전문가 의견,,nan,,남자,44
2024-05-26 12:16,예,nan,면역력 강화,주 2~3회,nan,3,가격,nan,효과 증대,프로바이오틱스,전문가 추천,nan,4,효과를 믿지 않아서,2,남자,43
2024-01-17 19:21,아니오,nan,모름,매일,nan,,성분,nan,크기를 작게,비타민 C,nan,성분 분석,5,비용이 너무 비싸서,,남자,48
2024-03-25 18:21,예,nan,피로 회복,주 2~3회,아무때나,4,효과,약국,nan,비타민 D,nan,사용 후기,4,건강에 문제 없어서,2,남자,57
2024-04-21 1:42,아니오,비타민D,다이어트,주 2~3회,아침,,효과,약국,nan,비타민 C,nan,nan,3,건강에 문제 없어서,3,여자,52
2024-07-10 19:36,아니오,엑세라민,피로 회복,주 1회,아무때나,3,가격,약국,크기를 작게,홍삼,전문가 추천,성분 분석,4,nan,,여자,29
2024-02-21 21:09,예,루테인,모름,주 2~3회,점심,1,가격,nan,효과 증대,프로바이오틱스,전문가 추천,가격 비교,1,효과를 믿지 않아서,4,남자,56
2024-05-31 6:16,예,엑세라민,면역력 강화,주 1회,nan,1,가격,약국,섭취가 편한 제품,홍삼,소셜 미디어,전문가 의견,5,모름,,남자,52
2024-07-06 1:36,예,오메가3,피부 건강,한 달에 한 번,아침,,nan,약국,가격 인하,비타민 D,친구 및 가족,가격 비교,4,모름,5,여자,42
2024-05-15 21:58,아니오,오메가3,모름,주 1회,점심,3,브랜드 신뢰도,마트,nan,비타민 C,nan,성분 분석,1,모름,2,여자,30
2024-07-25 10:21,예,오메가3,면역력 강화,nan,점심,2,구매 편의성,약국,가격 인하,비타민 D,소셜 미디어,가격 비교,2,비용이 너무 비싸서,2,여자,43
2024-11-19 8:21,예,모름,다이어트,매일,아침,4,브랜드 신뢰도,온라인 쇼핑몰,섭취가 편한 제품,홍삼,소셜 미디어,가격 비교,4,비용이 너무 비싸서,4,남자,43
2024-04-04 6:20,예,nan,피로 회복,한 달에 한 번,점심,4,효과,nan,nan,비타민 D,인터넷 검색,성분 분석,5,모름,2,여자,26
2024-08-27 7:32,예,모름,피로 회복,한 달에 한 번,아침,3,성분,백화점,가격 인하,nan,nan,사용 후기,1,nan,2,남자,69
2024-06-20 17:19,예,비타민D,피로 회복,nan,아침,2,구매 편의성,마트,섭취가 편한 제품,유산균,소셜 미디어,nan,4,비용이 너무 비싸서,4,남자,40
2024-12-13 19:52,아니오,오메가3,다이어트,주 1회,저녁,1,성분,nan,가격 인하,홍삼,인터넷 검색,전문가 의견,2,비용이 너무 비싸서,,여자,39
2024-12-20 9:42,아니오,루테인,면역력 강화,매일,아무때나,5,nan,nan,효과 증대,비타민 D,nan,nan,4,건강에 문제 없어서,3,여자,29
2024-01-05 0:27,예,엑세라민,다이어트,주 1회,점심,5,효과,온라인 쇼핑몰,섭취가 편한 제품,비타민 C,전문가 추천,전문가 의견,1,건강에 문제 없어서,,여자,44
2024-04-30 4:55,예,nan,피로 회복,주 2~3회,점심,3,nan,약국,가격 인하,비타민 D,인터넷 검색,nan,4,nan,5,남자,66
2024-09-25 13:02,예,홍삼,모름,주 1회,저녁,2,효과,온라인 쇼핑몰,효과 증대,비타민 C,전문가 추천,가격 비교,5,비용이 너무 비싸서,5,여자,55
2024-10-13 1:56,예,루테인,피부 건강,한 달에 한 번,저녁,2,성분,약국,효과 증대,유산균,친구 및 가족,사용 후기,3,비용이 너무 비싸서,2,여자,67
2024-12-19 7:23,아니오,nan,다이어트,매일,저녁,4,성분,약국,섭취가 편한 제품,비타민 D,친구 및 가족,가격 비교,1,효과를 믿지 않아서,5,남자,66
2024-05-10 10:27,예,모름,다이어트,주 1회,nan,1,성분,nan,크기를 작게,유산균,친구 및 가족,사용 후기,1,nan,3,여자,34
2024-12-20 18:28,아니오,모름,면역력 강화,매일,nan,,효과,약국,nan,홍삼,친구 및 가족,성분 분석,1,nan,2,여자,63
2024-05-28 16:53,아니오,루테인,면역력 강화,매일,nan,2,가격,마트,섭취가 편한 제품,비타민 C,소셜 미디어,전문가 의견,1,효과를 믿지 않아서,5,남자,59
2024-08-31 16:46,예,모름,다이어트,주 2~3회,아침,,성분,마트,효과 증대,nan,친구 및 가족,전문가 의견,4,효과를 믿지 않아서,1,남자,59
2024-05-15 21:58,아니오,오메가3,피로 회복,주 2~3회,점심,5,nan,마트,효과 증대,홍삼,소셜 미디어,성분 분석,5,건강에 문제 없어서,1,남자,69
2024-01-03 13:22,아니오,비타민D,피부 건강,한 달에 한 번,아무때나,,구매 편의성,nan,섭취가 편한 제품,비타민 C,소셜 미디어,nan,2,nan,1,남자,25
2024-02-14 5:01,아니오,엑세라민,면역력 강화,nan,아침,1,효과,온라인 쇼핑몰,크기를 작게,유산균,nan,성분 분석,5,nan,1,남자,56
2024-05-06 18:45,아니오,비타민D,피로 회복,매일,점심,1,nan,백화점,nan,프로바이오틱스,소셜 미디어,성분 분석,1,효과를 믿지 않아서,,여자,21
2024-09-03 14:55,예,nan,모름,nan,점심,,브랜드 신뢰도,약국,가격 인하,비타민 D,소셜 미디어,사용 후기,,모름,1,여자,31
2024-02-02 12:25,예,엑세라민,면역력 강화,한 달에 한 번,저녁,3,브랜드 신뢰도,백화점,섭취가 편한 제품,유산균,친구 및 가족,성분 분석,4,모름,2,남자,23
2024-08-24 9:23,아니오,엑세라민,피로 회복,매일,저녁,2,구매 편의성,온라인 쇼핑몰,nan,비타민 C,소셜 미디어,전문가 의견,,건강에 문제 없어서,4,여자,42
2024-09-11 15:49,예,비타민D,피로 회복,매일,아침,3,가격,온라인 쇼핑몰,nan,비타민 C,전문가 추천,가격 비교,4,모름,,여자,32
2024-04-25 2:09,예,루테인,피부 건강,nan,저녁,,성분,nan,효과 증대,비타민 C,친구 및 가족,사용 후기,1,모름,4,남자,36
2024-03-05 16:04,예,엑세라민,피부 건강,주 1회,점심,2,효과,마트,가격 인하,비타민 C,인터넷 검색,사용 후기,4,모름,2,남자,50
2024-07-15 22:21,예,비타민D,모름,주 2~3회,저녁,4,nan,마트,섭취가 편한 제품,비타민 D,친구 및 가족,nan,1,비용이 너무 비싸서,2,남자,35
2024-09-24 1:58,예,엑세라민,피로 회복,주 1회,nan,3,성분,온라인 쇼핑몰,효과 증대,홍삼,소셜 미디어,가격 비교,5,건강에 문제 없어서,3,여자,60
2024-11-13 3:17,아니오,홍삼,피로 회복,nan,저녁,3,nan,nan,효과 증대,nan,전문가 추천,사용 후기,3,효과를 믿지 않아서,,남자,45
2024-01-15 14:45,예,루테인,피부 건강,주 2~3회,점심,,효과,nan,크기를 작게,프로바이오틱스,친구 및 가족,성분 분석,4,모름,4,여자,47
2024-09-27 0:07,예,오메가3,면역력 강화,주 1회,아침,5,브랜드 신뢰도,약국,nan,비타민 D,전문가 추천,사용 후기,1,비용이 너무 비싸서,1,여자,20
2024-09-13 20:26,예,엑세라민,면역력 강화,주 2~3회,아무때나,,성분,마트,섭취가 편한 제품,비타민 C,인터넷 검색,사용 후기,,모름,2,여자,66
2024-12-02 20:48,예,홍삼,다이어트,매일,저녁,3,구매 편의성,온라인 쇼핑몰,섭취가 편한 제품,비타민 D,인터넷 검색,사용 후기,1,비용이 너무 비싸서,1,여자,31
2024-07-02 1:09,아니오,오메가3,피부 건강,주 1회,점심,2,가격,백화점,섭취가 편한 제품,유산균,nan,nan,,건강에 문제 없어서,4,남자,56
2024-12-16 0:28,아니오,오메가3,다이어트,주 2~3회,아무때나,5,구매 편의성,마트,효과 증대,nan,nan,사용 후기,4,모름,,여자,69
2024-02-22 14:42,아니오,nan,피부 건강,주 2~3회,아무때나,,가격,약국,크기를 작게,비타민 C,친구 및 가족,사용 후기,2,비용이 너무 비싸서,5,남자,39
2024-03-14 1:45,아니오,엑세라민,모름,주 2~3회,nan,,nan,nan,가격 인하,프로바이오틱스,nan,nan,,nan,5,여자,21
2024-12-05 1:25,예,비타민D,피로 회복,주 1회,아무때나,3,성분,온라인 쇼핑몰,효과 증대,비타민 C,전문가 추천,가격 비교,1,nan,2,남자,55
2024-09-21 3:49,아니오,엑세라민,모름,한 달에 한 번,점심,3,성분,마트,가격 인하,nan,nan,전문가 의견,4,비용이 너무 비싸서,3,남자,34
2024-06-17 1:38,예,홍삼,피부 건강,주 1회,점심,4,가격,백화점,크기를 작게,프로바이오틱스,전문가 추천,nan,1,모름,1,남자,57
2024-09-24 1:58,예,오메가3,피로 회복,nan,저녁,,브랜드 신뢰도,약국,nan,nan,nan,nan,2,모름,2,여자,41
2024-10-01 9:20,예,엑세라민,면역력 강화,주 1회,저녁,3,효과,약국,섭취가 편한 제품,프로바이오틱스,nan,사용 후기,3,건강에 문제 없어서,3,여자,63
2024-12-03 14:20,예,비타민D,면역력 강화,주 2~3회,저녁,1,구매 편의성,마트,가격 인하,홍삼,nan,사용 후기,2,건강에 문제 없어서,1,여자,69
2024-11-27 18:02,예,nan,다이어트,매일,아무때나,5,nan,백화점,효과 증대,홍삼,소셜 미디어,전문가 의견,5,효과를 믿지 않아서,4,남자,51
2024-07-22 12:12,아니오,엑세라민,피부 건강,주 1회,아무때나,1,구매 편의성,약국,가격 인하,비타민 D,소셜 미디어,사용 후기,4,건강에 문제 없어서,5,여자,39
2024-07-18 11:44,아니오,루테인,피부 건강,주 1회,nan,5,구매 편의성,온라인 쇼핑몰,nan,비타민 D,nan,성분 분석,2,모름,3,여자,55
2024-04-02 1:43,아니오,nan,면역력 강화,주 2~3회,저녁,,nan,약국,섭취가 편한 제품,프로바이오틱스,전문가 추천,사용 후기,3,효과를 믿지 않아서,1,여자,52
2024-05-22 3:03,아니오,비타민D,모름,매일,아침,4,nan,백화점,가격 인하,비타민 C,친구 및 가족,사용 후기,1,건강에 문제 없어서,2,남자,34
2024-08-04 15:52,예,홍삼,피로 회복,매일,nan,3,성분,nan,nan,유산균,인터넷 검색,성분 분석,4,비용이 너무 비싸서,1,여자,69
2024-11-18 6:03,아니오,오메가3,모름,nan,아침,3,구매 편의성,nan,효과 증대,유산균,소셜 미디어,전문가 의견,,nan,2,여자,65
2024-04-03 4:02,예,엑세라민,모름,주 1회,아무때나,3,효과,마트,크기를 작게,비타민 C,nan,성분 분석,2,건강에 문제 없어서,5,남자,22
2024-09-15 16:17,아니오,비타민D,면역력 강화,매일,nan,,효과,백화점,효과 증대,비타민 C,인터넷 검색,nan,3,건강에 문제 없어서,5,남자,48
2024-10-24 9:46,예,nan,면역력 강화,매일,nan,5,가격,약국,섭취가 편한 제품,홍삼,소셜 미디어,성분 분석,2,비용이 너무 비싸서,1,남자,66
2024-12-02 3:16,예,루테인,면역력 강화,한 달에 한 번,점심,3,nan,약국,효과 증대,유산균,친구 및 가족,가격 비교,5,모름,1,남자,46
2024-06-13 1:10,아니오,비타민D,다이어트,한 달에 한 번,아무때나,1,성분,nan,효과 증대,프로바이오틱스,전문가 추천,nan,4,비용이 너무 비싸서,2,남자,24
2024-01-04 6:55,예,모름,모름,매일,아무때나,3,효과,nan,효과 증대,nan,nan,사용 후기,1,건강에 문제 없어서,2,남자,50
2024-10-27 16:41,예,루테인,피부 건강,nan,nan,,브랜드 신뢰도,온라인 쇼핑몰,효과 증대,비타민 D,친구 및 가족,nan,3,모름,3,여자,41
2024-10-18 4:42,아니오,nan,피로 회복,매일,아무때나,4,성분,nan,섭취가 편한 제품,nan,소셜 미디어,전문가 의견,2,효과를 믿지 않아서,3,여자,54
2024-03-29 1:16,예,홍삼,다이어트,주 2~3회,nan,1,성분,온라인 쇼핑몰,nan,홍삼,nan,전문가 의견,4,건강에 문제 없어서,3,남자,26
2024-04-01 8:11,아니오,오메가3,피부 건강,주 1회,점심,3,효과,약국,가격 인하,유산균,인터넷 검색,성분 분석,2,비용이 너무 비싸서,1,여자,25
